"","image_name","count","flur","stain"
"1","A01_C1_F1_s01_w1.TIF",1,1,1
"2","A01_C1_F1_s02_w2.TIF",1,1,2
"3","A01_C1_F1_s04_w1.TIF",1,1,1
"4","A01_C1_F1_s04_w2.TIF",1,1,2
"5","A01_C1_F1_s05_w2.TIF",1,1,2
"6","A01_C1_F1_s06_w2.TIF",1,1,2
"7","A01_C1_F1_s07_w1.TIF",1,1,1
"8","A01_C1_F1_s08_w1.TIF",1,1,1
"9","A01_C1_F1_s08_w2.TIF",1,1,2
"10","A01_C1_F1_s09_w1.TIF",1,1,1
"11","A01_C1_F1_s10_w1.TIF",1,1,1
"12","A01_C1_F1_s10_w2.TIF",1,1,2
"13","A01_C1_F1_s11_w1.TIF",1,1,1
"14","A01_C1_F1_s11_w2.TIF",1,1,2
"15","A01_C1_F1_s13_w1.TIF",1,1,1
"16","A01_C1_F1_s13_w2.TIF",1,1,2
"17","A01_C1_F1_s14_w1.TIF",1,1,1
"18","A01_C1_F1_s14_w2.TIF",1,1,2
"19","A01_C1_F1_s15_w1.TIF",1,1,1
"20","A01_C1_F1_s15_w2.TIF",1,1,2
"21","A01_C1_F1_s16_w2.TIF",1,1,2
"22","A01_C1_F1_s17_w1.TIF",1,1,1
"23","A01_C1_F1_s18_w1.TIF",1,1,1
"24","A01_C1_F1_s19_w1.TIF",1,1,1
"25","A01_C1_F1_s19_w2.TIF",1,1,2
"26","A01_C1_F1_s20_w1.TIF",1,1,1
"27","A01_C1_F1_s20_w2.TIF",1,1,2
"28","A01_C1_F1_s21_w2.TIF",1,1,2
"29","A01_C1_F1_s23_w1.TIF",1,1,1
"30","A01_C1_F1_s24_w1.TIF",1,1,1
"31","A01_C1_F1_s25_w1.TIF",1,1,1
"32","A01_C1_F1_s25_w2.TIF",1,1,2
"33","A02_C5_F1_s01_w1.TIF",5,1,1
"34","A02_C5_F1_s01_w2.TIF",5,1,2
"35","A02_C5_F1_s02_w1.TIF",5,1,1
"36","A02_C5_F1_s02_w2.TIF",5,1,2
"37","A02_C5_F1_s04_w1.TIF",5,1,1
"38","A02_C5_F1_s04_w2.TIF",5,1,2
"39","A02_C5_F1_s05_w1.TIF",5,1,1
"40","A02_C5_F1_s05_w2.TIF",5,1,2
"41","A02_C5_F1_s07_w1.TIF",5,1,1
"42","A02_C5_F1_s07_w2.TIF",5,1,2
"43","A02_C5_F1_s08_w1.TIF",5,1,1
"44","A02_C5_F1_s08_w2.TIF",5,1,2
"45","A02_C5_F1_s10_w1.TIF",5,1,1
"46","A02_C5_F1_s11_w1.TIF",5,1,1
"47","A02_C5_F1_s11_w2.TIF",5,1,2
"48","A02_C5_F1_s12_w2.TIF",5,1,2
"49","A02_C5_F1_s13_w1.TIF",5,1,1
"50","A02_C5_F1_s13_w2.TIF",5,1,2
"51","A02_C5_F1_s14_w1.TIF",5,1,1
"52","A02_C5_F1_s14_w2.TIF",5,1,2
"53","A02_C5_F1_s15_w2.TIF",5,1,2
"54","A02_C5_F1_s16_w1.TIF",5,1,1
"55","A02_C5_F1_s17_w1.TIF",5,1,1
"56","A02_C5_F1_s18_w1.TIF",5,1,1
"57","A02_C5_F1_s19_w1.TIF",5,1,1
"58","A02_C5_F1_s19_w2.TIF",5,1,2
"59","A02_C5_F1_s20_w1.TIF",5,1,1
"60","A02_C5_F1_s21_w2.TIF",5,1,2
"61","A02_C5_F1_s22_w1.TIF",5,1,1
"62","A02_C5_F1_s22_w2.TIF",5,1,2
"63","A02_C5_F1_s24_w1.TIF",5,1,1
"64","A02_C5_F1_s25_w1.TIF",5,1,1
"65","A02_C5_F1_s25_w2.TIF",5,1,2
"66","A03_C10_F1_s01_w2.TIF",10,1,2
"67","A03_C10_F1_s02_w1.TIF",10,1,1
"68","A03_C10_F1_s03_w1.TIF",10,1,1
"69","A03_C10_F1_s03_w2.TIF",10,1,2
"70","A03_C10_F1_s04_w1.TIF",10,1,1
"71","A03_C10_F1_s05_w1.TIF",10,1,1
"72","A03_C10_F1_s05_w2.TIF",10,1,2
"73","A03_C10_F1_s06_w1.TIF",10,1,1
"74","A03_C10_F1_s06_w2.TIF",10,1,2
"75","A03_C10_F1_s07_w1.TIF",10,1,1
"76","A03_C10_F1_s09_w2.TIF",10,1,2
"77","A03_C10_F1_s10_w1.TIF",10,1,1
"78","A03_C10_F1_s10_w2.TIF",10,1,2
"79","A03_C10_F1_s11_w1.TIF",10,1,1
"80","A03_C10_F1_s11_w2.TIF",10,1,2
"81","A03_C10_F1_s12_w1.TIF",10,1,1
"82","A03_C10_F1_s12_w2.TIF",10,1,2
"83","A03_C10_F1_s13_w2.TIF",10,1,2
"84","A03_C10_F1_s14_w1.TIF",10,1,1
"85","A03_C10_F1_s14_w2.TIF",10,1,2
"86","A03_C10_F1_s15_w1.TIF",10,1,1
"87","A03_C10_F1_s15_w2.TIF",10,1,2
"88","A03_C10_F1_s16_w1.TIF",10,1,1
"89","A03_C10_F1_s16_w2.TIF",10,1,2
"90","A03_C10_F1_s18_w1.TIF",10,1,1
"91","A03_C10_F1_s20_w1.TIF",10,1,1
"92","A03_C10_F1_s20_w2.TIF",10,1,2
"93","A03_C10_F1_s21_w2.TIF",10,1,2
"94","A03_C10_F1_s22_w1.TIF",10,1,1
"95","A03_C10_F1_s22_w2.TIF",10,1,2
"96","A03_C10_F1_s23_w1.TIF",10,1,1
"97","A03_C10_F1_s24_w1.TIF",10,1,1
"98","A03_C10_F1_s24_w2.TIF",10,1,2
"99","A03_C10_F1_s25_w1.TIF",10,1,1
"100","A03_C10_F1_s25_w2.TIF",10,1,2
"101","A04_C14_F1_s01_w1.TIF",14,1,1
"102","A04_C14_F1_s01_w2.TIF",14,1,2
"103","A04_C14_F1_s02_w1.TIF",14,1,1
"104","A04_C14_F1_s03_w2.TIF",14,1,2
"105","A04_C14_F1_s04_w1.TIF",14,1,1
"106","A04_C14_F1_s04_w2.TIF",14,1,2
"107","A04_C14_F1_s05_w1.TIF",14,1,1
"108","A04_C14_F1_s06_w1.TIF",14,1,1
"109","A04_C14_F1_s06_w2.TIF",14,1,2
"110","A04_C14_F1_s07_w1.TIF",14,1,1
"111","A04_C14_F1_s08_w1.TIF",14,1,1
"112","A04_C14_F1_s08_w2.TIF",14,1,2
"113","A04_C14_F1_s09_w1.TIF",14,1,1
"114","A04_C14_F1_s10_w2.TIF",14,1,2
"115","A04_C14_F1_s12_w1.TIF",14,1,1
"116","A04_C14_F1_s12_w2.TIF",14,1,2
"117","A04_C14_F1_s13_w2.TIF",14,1,2
"118","A04_C14_F1_s14_w1.TIF",14,1,1
"119","A04_C14_F1_s14_w2.TIF",14,1,2
"120","A04_C14_F1_s15_w1.TIF",14,1,1
"121","A04_C14_F1_s15_w2.TIF",14,1,2
"122","A04_C14_F1_s16_w1.TIF",14,1,1
"123","A04_C14_F1_s16_w2.TIF",14,1,2
"124","A04_C14_F1_s17_w1.TIF",14,1,1
"125","A04_C14_F1_s17_w2.TIF",14,1,2
"126","A04_C14_F1_s18_w2.TIF",14,1,2
"127","A04_C14_F1_s19_w1.TIF",14,1,1
"128","A04_C14_F1_s19_w2.TIF",14,1,2
"129","A04_C14_F1_s20_w1.TIF",14,1,1
"130","A04_C14_F1_s20_w2.TIF",14,1,2
"131","A04_C14_F1_s21_w1.TIF",14,1,1
"132","A04_C14_F1_s22_w1.TIF",14,1,1
"133","A04_C14_F1_s22_w2.TIF",14,1,2
"134","A04_C14_F1_s23_w2.TIF",14,1,2
"135","A04_C14_F1_s24_w1.TIF",14,1,1
"136","A04_C14_F1_s25_w1.TIF",14,1,1
"137","A04_C14_F1_s25_w2.TIF",14,1,2
"138","A05_C18_F1_s02_w1.TIF",18,1,1
"139","A05_C18_F1_s02_w2.TIF",18,1,2
"140","A05_C18_F1_s03_w1.TIF",18,1,1
"141","A05_C18_F1_s05_w1.TIF",18,1,1
"142","A05_C18_F1_s06_w2.TIF",18,1,2
"143","A05_C18_F1_s09_w2.TIF",18,1,2
"144","A05_C18_F1_s10_w1.TIF",18,1,1
"145","A05_C18_F1_s10_w2.TIF",18,1,2
"146","A05_C18_F1_s11_w1.TIF",18,1,1
"147","A05_C18_F1_s11_w2.TIF",18,1,2
"148","A05_C18_F1_s13_w1.TIF",18,1,1
"149","A05_C18_F1_s14_w2.TIF",18,1,2
"150","A05_C18_F1_s15_w1.TIF",18,1,1
"151","A05_C18_F1_s16_w2.TIF",18,1,2
"152","A05_C18_F1_s17_w1.TIF",18,1,1
"153","A05_C18_F1_s17_w2.TIF",18,1,2
"154","A05_C18_F1_s18_w1.TIF",18,1,1
"155","A05_C18_F1_s18_w2.TIF",18,1,2
"156","A05_C18_F1_s19_w1.TIF",18,1,1
"157","A05_C18_F1_s20_w1.TIF",18,1,1
"158","A05_C18_F1_s21_w1.TIF",18,1,1
"159","A05_C18_F1_s21_w2.TIF",18,1,2
"160","A05_C18_F1_s23_w1.TIF",18,1,1
"161","A05_C18_F1_s23_w2.TIF",18,1,2
"162","A05_C18_F1_s24_w1.TIF",18,1,1
"163","A05_C18_F1_s24_w2.TIF",18,1,2
"164","A05_C18_F1_s25_w2.TIF",18,1,2
"165","A06_C23_F1_s01_w2.TIF",23,1,2
"166","A06_C23_F1_s02_w2.TIF",23,1,2
"167","A06_C23_F1_s03_w1.TIF",23,1,1
"168","A06_C23_F1_s03_w2.TIF",23,1,2
"169","A06_C23_F1_s04_w1.TIF",23,1,1
"170","A06_C23_F1_s04_w2.TIF",23,1,2
"171","A06_C23_F1_s05_w1.TIF",23,1,1
"172","A06_C23_F1_s05_w2.TIF",23,1,2
"173","A06_C23_F1_s06_w1.TIF",23,1,1
"174","A06_C23_F1_s07_w1.TIF",23,1,1
"175","A06_C23_F1_s07_w2.TIF",23,1,2
"176","A06_C23_F1_s08_w1.TIF",23,1,1
"177","A06_C23_F1_s08_w2.TIF",23,1,2
"178","A06_C23_F1_s09_w1.TIF",23,1,1
"179","A06_C23_F1_s10_w1.TIF",23,1,1
"180","A06_C23_F1_s11_w1.TIF",23,1,1
"181","A06_C23_F1_s13_w2.TIF",23,1,2
"182","A06_C23_F1_s15_w1.TIF",23,1,1
"183","A06_C23_F1_s16_w2.TIF",23,1,2
"184","A06_C23_F1_s17_w2.TIF",23,1,2
"185","A06_C23_F1_s18_w2.TIF",23,1,2
"186","A06_C23_F1_s19_w1.TIF",23,1,1
"187","A06_C23_F1_s19_w2.TIF",23,1,2
"188","A06_C23_F1_s20_w1.TIF",23,1,1
"189","A06_C23_F1_s20_w2.TIF",23,1,2
"190","A06_C23_F1_s21_w1.TIF",23,1,1
"191","A06_C23_F1_s21_w2.TIF",23,1,2
"192","A06_C23_F1_s23_w1.TIF",23,1,1
"193","A06_C23_F1_s24_w1.TIF",23,1,1
"194","A06_C23_F1_s25_w2.TIF",23,1,2
"195","A07_C27_F1_s01_w1.TIF",27,1,1
"196","A07_C27_F1_s01_w2.TIF",27,1,2
"197","A07_C27_F1_s02_w1.TIF",27,1,1
"198","A07_C27_F1_s02_w2.TIF",27,1,2
"199","A07_C27_F1_s03_w1.TIF",27,1,1
"200","A07_C27_F1_s03_w2.TIF",27,1,2
"201","A07_C27_F1_s05_w1.TIF",27,1,1
"202","A07_C27_F1_s05_w2.TIF",27,1,2
"203","A07_C27_F1_s06_w1.TIF",27,1,1
"204","A07_C27_F1_s06_w2.TIF",27,1,2
"205","A07_C27_F1_s07_w2.TIF",27,1,2
"206","A07_C27_F1_s08_w1.TIF",27,1,1
"207","A07_C27_F1_s08_w2.TIF",27,1,2
"208","A07_C27_F1_s09_w2.TIF",27,1,2
"209","A07_C27_F1_s10_w1.TIF",27,1,1
"210","A07_C27_F1_s10_w2.TIF",27,1,2
"211","A07_C27_F1_s11_w1.TIF",27,1,1
"212","A07_C27_F1_s11_w2.TIF",27,1,2
"213","A07_C27_F1_s12_w2.TIF",27,1,2
"214","A07_C27_F1_s13_w2.TIF",27,1,2
"215","A07_C27_F1_s14_w1.TIF",27,1,1
"216","A07_C27_F1_s14_w2.TIF",27,1,2
"217","A07_C27_F1_s15_w2.TIF",27,1,2
"218","A07_C27_F1_s16_w2.TIF",27,1,2
"219","A07_C27_F1_s17_w1.TIF",27,1,1
"220","A07_C27_F1_s18_w1.TIF",27,1,1
"221","A07_C27_F1_s18_w2.TIF",27,1,2
"222","A07_C27_F1_s19_w1.TIF",27,1,1
"223","A07_C27_F1_s19_w2.TIF",27,1,2
"224","A07_C27_F1_s20_w1.TIF",27,1,1
"225","A07_C27_F1_s20_w2.TIF",27,1,2
"226","A07_C27_F1_s21_w1.TIF",27,1,1
"227","A07_C27_F1_s21_w2.TIF",27,1,2
"228","A07_C27_F1_s22_w2.TIF",27,1,2
"229","A07_C27_F1_s24_w1.TIF",27,1,1
"230","A07_C27_F1_s24_w2.TIF",27,1,2
"231","A07_C27_F1_s25_w2.TIF",27,1,2
"232","A08_C31_F1_s01_w1.TIF",31,1,1
"233","A08_C31_F1_s03_w1.TIF",31,1,1
"234","A08_C31_F1_s03_w2.TIF",31,1,2
"235","A08_C31_F1_s04_w1.TIF",31,1,1
"236","A08_C31_F1_s04_w2.TIF",31,1,2
"237","A08_C31_F1_s05_w1.TIF",31,1,1
"238","A08_C31_F1_s06_w1.TIF",31,1,1
"239","A08_C31_F1_s06_w2.TIF",31,1,2
"240","A08_C31_F1_s07_w1.TIF",31,1,1
"241","A08_C31_F1_s07_w2.TIF",31,1,2
"242","A08_C31_F1_s08_w1.TIF",31,1,1
"243","A08_C31_F1_s08_w2.TIF",31,1,2
"244","A08_C31_F1_s09_w1.TIF",31,1,1
"245","A08_C31_F1_s10_w2.TIF",31,1,2
"246","A08_C31_F1_s12_w1.TIF",31,1,1
"247","A08_C31_F1_s12_w2.TIF",31,1,2
"248","A08_C31_F1_s13_w1.TIF",31,1,1
"249","A08_C31_F1_s13_w2.TIF",31,1,2
"250","A08_C31_F1_s14_w1.TIF",31,1,1
"251","A08_C31_F1_s15_w1.TIF",31,1,1
"252","A08_C31_F1_s15_w2.TIF",31,1,2
"253","A08_C31_F1_s16_w2.TIF",31,1,2
"254","A08_C31_F1_s17_w1.TIF",31,1,1
"255","A08_C31_F1_s17_w2.TIF",31,1,2
"256","A08_C31_F1_s18_w2.TIF",31,1,2
"257","A08_C31_F1_s19_w2.TIF",31,1,2
"258","A08_C31_F1_s20_w1.TIF",31,1,1
"259","A08_C31_F1_s21_w1.TIF",31,1,1
"260","A08_C31_F1_s21_w2.TIF",31,1,2
"261","A08_C31_F1_s22_w1.TIF",31,1,1
"262","A08_C31_F1_s22_w2.TIF",31,1,2
"263","A08_C31_F1_s23_w2.TIF",31,1,2
"264","A08_C31_F1_s24_w1.TIF",31,1,1
"265","A08_C31_F1_s25_w1.TIF",31,1,1
"266","A09_C35_F1_s01_w1.TIF",35,1,1
"267","A09_C35_F1_s01_w2.TIF",35,1,2
"268","A09_C35_F1_s02_w1.TIF",35,1,1
"269","A09_C35_F1_s03_w1.TIF",35,1,1
"270","A09_C35_F1_s03_w2.TIF",35,1,2
"271","A09_C35_F1_s04_w1.TIF",35,1,1
"272","A09_C35_F1_s05_w2.TIF",35,1,2
"273","A09_C35_F1_s07_w1.TIF",35,1,1
"274","A09_C35_F1_s09_w1.TIF",35,1,1
"275","A09_C35_F1_s09_w2.TIF",35,1,2
"276","A09_C35_F1_s10_w2.TIF",35,1,2
"277","A09_C35_F1_s11_w1.TIF",35,1,1
"278","A09_C35_F1_s11_w2.TIF",35,1,2
"279","A09_C35_F1_s13_w1.TIF",35,1,1
"280","A09_C35_F1_s13_w2.TIF",35,1,2
"281","A09_C35_F1_s14_w1.TIF",35,1,1
"282","A09_C35_F1_s15_w2.TIF",35,1,2
"283","A09_C35_F1_s16_w1.TIF",35,1,1
"284","A09_C35_F1_s16_w2.TIF",35,1,2
"285","A09_C35_F1_s18_w1.TIF",35,1,1
"286","A09_C35_F1_s18_w2.TIF",35,1,2
"287","A09_C35_F1_s19_w1.TIF",35,1,1
"288","A09_C35_F1_s19_w2.TIF",35,1,2
"289","A09_C35_F1_s21_w1.TIF",35,1,1
"290","A09_C35_F1_s21_w2.TIF",35,1,2
"291","A09_C35_F1_s22_w1.TIF",35,1,1
"292","A09_C35_F1_s22_w2.TIF",35,1,2
"293","A09_C35_F1_s23_w1.TIF",35,1,1
"294","A09_C35_F1_s23_w2.TIF",35,1,2
"295","A09_C35_F1_s25_w2.TIF",35,1,2
"296","A10_C40_F1_s01_w1.TIF",40,1,1
"297","A10_C40_F1_s02_w1.TIF",40,1,1
"298","A10_C40_F1_s02_w2.TIF",40,1,2
"299","A10_C40_F1_s03_w1.TIF",40,1,1
"300","A10_C40_F1_s03_w2.TIF",40,1,2
"301","A10_C40_F1_s04_w1.TIF",40,1,1
"302","A10_C40_F1_s04_w2.TIF",40,1,2
"303","A10_C40_F1_s05_w2.TIF",40,1,2
"304","A10_C40_F1_s06_w1.TIF",40,1,1
"305","A10_C40_F1_s06_w2.TIF",40,1,2
"306","A10_C40_F1_s08_w1.TIF",40,1,1
"307","A10_C40_F1_s08_w2.TIF",40,1,2
"308","A10_C40_F1_s09_w1.TIF",40,1,1
"309","A10_C40_F1_s09_w2.TIF",40,1,2
"310","A10_C40_F1_s10_w2.TIF",40,1,2
"311","A10_C40_F1_s11_w2.TIF",40,1,2
"312","A10_C40_F1_s12_w1.TIF",40,1,1
"313","A10_C40_F1_s13_w1.TIF",40,1,1
"314","A10_C40_F1_s15_w1.TIF",40,1,1
"315","A10_C40_F1_s15_w2.TIF",40,1,2
"316","A10_C40_F1_s16_w2.TIF",40,1,2
"317","A10_C40_F1_s18_w1.TIF",40,1,1
"318","A10_C40_F1_s18_w2.TIF",40,1,2
"319","A10_C40_F1_s19_w1.TIF",40,1,1
"320","A10_C40_F1_s19_w2.TIF",40,1,2
"321","A10_C40_F1_s20_w2.TIF",40,1,2
"322","A10_C40_F1_s21_w1.TIF",40,1,1
"323","A10_C40_F1_s22_w1.TIF",40,1,1
"324","A10_C40_F1_s22_w2.TIF",40,1,2
"325","A10_C40_F1_s23_w1.TIF",40,1,1
"326","A10_C40_F1_s24_w1.TIF",40,1,1
"327","A10_C40_F1_s24_w2.TIF",40,1,2
"328","A10_C40_F1_s25_w2.TIF",40,1,2
"329","A11_C44_F1_s01_w1.TIF",44,1,1
"330","A11_C44_F1_s02_w1.TIF",44,1,1
"331","A11_C44_F1_s02_w2.TIF",44,1,2
"332","A11_C44_F1_s03_w2.TIF",44,1,2
"333","A11_C44_F1_s04_w1.TIF",44,1,1
"334","A11_C44_F1_s06_w2.TIF",44,1,2
"335","A11_C44_F1_s08_w1.TIF",44,1,1
"336","A11_C44_F1_s09_w1.TIF",44,1,1
"337","A11_C44_F1_s09_w2.TIF",44,1,2
"338","A11_C44_F1_s10_w1.TIF",44,1,1
"339","A11_C44_F1_s10_w2.TIF",44,1,2
"340","A11_C44_F1_s11_w1.TIF",44,1,1
"341","A11_C44_F1_s11_w2.TIF",44,1,2
"342","A11_C44_F1_s12_w1.TIF",44,1,1
"343","A11_C44_F1_s12_w2.TIF",44,1,2
"344","A11_C44_F1_s13_w1.TIF",44,1,1
"345","A11_C44_F1_s13_w2.TIF",44,1,2
"346","A11_C44_F1_s14_w1.TIF",44,1,1
"347","A11_C44_F1_s15_w1.TIF",44,1,1
"348","A11_C44_F1_s15_w2.TIF",44,1,2
"349","A11_C44_F1_s17_w1.TIF",44,1,1
"350","A11_C44_F1_s18_w1.TIF",44,1,1
"351","A11_C44_F1_s18_w2.TIF",44,1,2
"352","A11_C44_F1_s19_w2.TIF",44,1,2
"353","A11_C44_F1_s20_w1.TIF",44,1,1
"354","A11_C44_F1_s21_w1.TIF",44,1,1
"355","A11_C44_F1_s21_w2.TIF",44,1,2
"356","A11_C44_F1_s22_w2.TIF",44,1,2
"357","A11_C44_F1_s23_w1.TIF",44,1,1
"358","A11_C44_F1_s23_w2.TIF",44,1,2
"359","A11_C44_F1_s24_w1.TIF",44,1,1
"360","A11_C44_F1_s24_w2.TIF",44,1,2
"361","A11_C44_F1_s25_w1.TIF",44,1,1
"362","A12_C48_F1_s04_w1.TIF",48,1,1
"363","A12_C48_F1_s04_w2.TIF",48,1,2
"364","A12_C48_F1_s05_w2.TIF",48,1,2
"365","A12_C48_F1_s06_w2.TIF",48,1,2
"366","A12_C48_F1_s07_w1.TIF",48,1,1
"367","A12_C48_F1_s07_w2.TIF",48,1,2
"368","A12_C48_F1_s08_w2.TIF",48,1,2
"369","A12_C48_F1_s09_w2.TIF",48,1,2
"370","A12_C48_F1_s10_w2.TIF",48,1,2
"371","A12_C48_F1_s11_w1.TIF",48,1,1
"372","A12_C48_F1_s11_w2.TIF",48,1,2
"373","A12_C48_F1_s12_w1.TIF",48,1,1
"374","A12_C48_F1_s12_w2.TIF",48,1,2
"375","A12_C48_F1_s13_w2.TIF",48,1,2
"376","A12_C48_F1_s14_w2.TIF",48,1,2
"377","A12_C48_F1_s15_w1.TIF",48,1,1
"378","A12_C48_F1_s17_w1.TIF",48,1,1
"379","A12_C48_F1_s17_w2.TIF",48,1,2
"380","A12_C48_F1_s18_w1.TIF",48,1,1
"381","A12_C48_F1_s18_w2.TIF",48,1,2
"382","A12_C48_F1_s19_w2.TIF",48,1,2
"383","A12_C48_F1_s20_w1.TIF",48,1,1
"384","A12_C48_F1_s20_w2.TIF",48,1,2
"385","A12_C48_F1_s21_w1.TIF",48,1,1
"386","A12_C48_F1_s21_w2.TIF",48,1,2
"387","A12_C48_F1_s23_w1.TIF",48,1,1
"388","A12_C48_F1_s23_w2.TIF",48,1,2
"389","A12_C48_F1_s24_w2.TIF",48,1,2
"390","A12_C48_F1_s25_w2.TIF",48,1,2
"391","A13_C53_F1_s01_w2.TIF",53,1,2
"392","A13_C53_F1_s02_w2.TIF",53,1,2
"393","A13_C53_F1_s03_w1.TIF",53,1,1
"394","A13_C53_F1_s03_w2.TIF",53,1,2
"395","A13_C53_F1_s05_w1.TIF",53,1,1
"396","A13_C53_F1_s05_w2.TIF",53,1,2
"397","A13_C53_F1_s07_w2.TIF",53,1,2
"398","A13_C53_F1_s08_w1.TIF",53,1,1
"399","A13_C53_F1_s08_w2.TIF",53,1,2
"400","A13_C53_F1_s09_w1.TIF",53,1,1
"401","A13_C53_F1_s09_w2.TIF",53,1,2
"402","A13_C53_F1_s10_w2.TIF",53,1,2
"403","A13_C53_F1_s11_w1.TIF",53,1,1
"404","A13_C53_F1_s11_w2.TIF",53,1,2
"405","A13_C53_F1_s12_w1.TIF",53,1,1
"406","A13_C53_F1_s12_w2.TIF",53,1,2
"407","A13_C53_F1_s13_w1.TIF",53,1,1
"408","A13_C53_F1_s13_w2.TIF",53,1,2
"409","A13_C53_F1_s14_w1.TIF",53,1,1
"410","A13_C53_F1_s14_w2.TIF",53,1,2
"411","A13_C53_F1_s15_w1.TIF",53,1,1
"412","A13_C53_F1_s15_w2.TIF",53,1,2
"413","A13_C53_F1_s16_w1.TIF",53,1,1
"414","A13_C53_F1_s17_w1.TIF",53,1,1
"415","A13_C53_F1_s20_w1.TIF",53,1,1
"416","A13_C53_F1_s21_w1.TIF",53,1,1
"417","A13_C53_F1_s21_w2.TIF",53,1,2
"418","A13_C53_F1_s22_w1.TIF",53,1,1
"419","A13_C53_F1_s22_w2.TIF",53,1,2
"420","A13_C53_F1_s23_w1.TIF",53,1,1
"421","A13_C53_F1_s24_w1.TIF",53,1,1
"422","A13_C53_F1_s24_w2.TIF",53,1,2
"423","A13_C53_F1_s25_w1.TIF",53,1,1
"424","A13_C53_F1_s25_w2.TIF",53,1,2
"425","A14_C57_F1_s01_w1.TIF",57,1,1
"426","A14_C57_F1_s02_w1.TIF",57,1,1
"427","A14_C57_F1_s03_w1.TIF",57,1,1
"428","A14_C57_F1_s03_w2.TIF",57,1,2
"429","A14_C57_F1_s04_w1.TIF",57,1,1
"430","A14_C57_F1_s04_w2.TIF",57,1,2
"431","A14_C57_F1_s05_w1.TIF",57,1,1
"432","A14_C57_F1_s05_w2.TIF",57,1,2
"433","A14_C57_F1_s06_w1.TIF",57,1,1
"434","A14_C57_F1_s06_w2.TIF",57,1,2
"435","A14_C57_F1_s08_w1.TIF",57,1,1
"436","A14_C57_F1_s08_w2.TIF",57,1,2
"437","A14_C57_F1_s09_w1.TIF",57,1,1
"438","A14_C57_F1_s09_w2.TIF",57,1,2
"439","A14_C57_F1_s10_w1.TIF",57,1,1
"440","A14_C57_F1_s11_w1.TIF",57,1,1
"441","A14_C57_F1_s12_w1.TIF",57,1,1
"442","A14_C57_F1_s12_w2.TIF",57,1,2
"443","A14_C57_F1_s13_w1.TIF",57,1,1
"444","A14_C57_F1_s14_w1.TIF",57,1,1
"445","A14_C57_F1_s14_w2.TIF",57,1,2
"446","A14_C57_F1_s16_w1.TIF",57,1,1
"447","A14_C57_F1_s17_w2.TIF",57,1,2
"448","A14_C57_F1_s18_w1.TIF",57,1,1
"449","A14_C57_F1_s18_w2.TIF",57,1,2
"450","A14_C57_F1_s19_w1.TIF",57,1,1
"451","A14_C57_F1_s20_w2.TIF",57,1,2
"452","A14_C57_F1_s21_w2.TIF",57,1,2
"453","A14_C57_F1_s22_w1.TIF",57,1,1
"454","A14_C57_F1_s23_w1.TIF",57,1,1
"455","A14_C57_F1_s24_w2.TIF",57,1,2
"456","A14_C57_F1_s25_w1.TIF",57,1,1
"457","A14_C57_F1_s25_w2.TIF",57,1,2
"458","A15_C61_F1_s01_w1.TIF",61,1,1
"459","A15_C61_F1_s01_w2.TIF",61,1,2
"460","A15_C61_F1_s02_w1.TIF",61,1,1
"461","A15_C61_F1_s02_w2.TIF",61,1,2
"462","A15_C61_F1_s03_w1.TIF",61,1,1
"463","A15_C61_F1_s04_w1.TIF",61,1,1
"464","A15_C61_F1_s05_w1.TIF",61,1,1
"465","A15_C61_F1_s05_w2.TIF",61,1,2
"466","A15_C61_F1_s06_w1.TIF",61,1,1
"467","A15_C61_F1_s06_w2.TIF",61,1,2
"468","A15_C61_F1_s07_w1.TIF",61,1,1
"469","A15_C61_F1_s09_w1.TIF",61,1,1
"470","A15_C61_F1_s10_w2.TIF",61,1,2
"471","A15_C61_F1_s11_w1.TIF",61,1,1
"472","A15_C61_F1_s11_w2.TIF",61,1,2
"473","A15_C61_F1_s12_w1.TIF",61,1,1
"474","A15_C61_F1_s12_w2.TIF",61,1,2
"475","A15_C61_F1_s13_w1.TIF",61,1,1
"476","A15_C61_F1_s13_w2.TIF",61,1,2
"477","A15_C61_F1_s14_w1.TIF",61,1,1
"478","A15_C61_F1_s16_w2.TIF",61,1,2
"479","A15_C61_F1_s17_w1.TIF",61,1,1
"480","A15_C61_F1_s18_w1.TIF",61,1,1
"481","A15_C61_F1_s21_w1.TIF",61,1,1
"482","A15_C61_F1_s21_w2.TIF",61,1,2
"483","A15_C61_F1_s22_w1.TIF",61,1,1
"484","A15_C61_F1_s22_w2.TIF",61,1,2
"485","A15_C61_F1_s23_w1.TIF",61,1,1
"486","A15_C61_F1_s23_w2.TIF",61,1,2
"487","A15_C61_F1_s24_w2.TIF",61,1,2
"488","A15_C61_F1_s25_w2.TIF",61,1,2
"489","A16_C66_F1_s01_w1.TIF",66,1,1
"490","A16_C66_F1_s02_w2.TIF",66,1,2
"491","A16_C66_F1_s03_w2.TIF",66,1,2
"492","A16_C66_F1_s05_w1.TIF",66,1,1
"493","A16_C66_F1_s06_w1.TIF",66,1,1
"494","A16_C66_F1_s06_w2.TIF",66,1,2
"495","A16_C66_F1_s07_w1.TIF",66,1,1
"496","A16_C66_F1_s08_w2.TIF",66,1,2
"497","A16_C66_F1_s09_w2.TIF",66,1,2
"498","A16_C66_F1_s10_w1.TIF",66,1,1
"499","A16_C66_F1_s10_w2.TIF",66,1,2
"500","A16_C66_F1_s11_w1.TIF",66,1,1
"501","A16_C66_F1_s12_w1.TIF",66,1,1
"502","A16_C66_F1_s12_w2.TIF",66,1,2
"503","A16_C66_F1_s14_w2.TIF",66,1,2
"504","A16_C66_F1_s15_w1.TIF",66,1,1
"505","A16_C66_F1_s15_w2.TIF",66,1,2
"506","A16_C66_F1_s17_w1.TIF",66,1,1
"507","A16_C66_F1_s17_w2.TIF",66,1,2
"508","A16_C66_F1_s18_w2.TIF",66,1,2
"509","A16_C66_F1_s20_w1.TIF",66,1,1
"510","A16_C66_F1_s20_w2.TIF",66,1,2
"511","A16_C66_F1_s22_w2.TIF",66,1,2
"512","A16_C66_F1_s23_w1.TIF",66,1,1
"513","A16_C66_F1_s23_w2.TIF",66,1,2
"514","A16_C66_F1_s24_w1.TIF",66,1,1
"515","A16_C66_F1_s24_w2.TIF",66,1,2
"516","A16_C66_F1_s25_w2.TIF",66,1,2
"517","A17_C70_F1_s01_w2.TIF",70,1,2
"518","A17_C70_F1_s02_w2.TIF",70,1,2
"519","A17_C70_F1_s03_w1.TIF",70,1,1
"520","A17_C70_F1_s03_w2.TIF",70,1,2
"521","A17_C70_F1_s04_w2.TIF",70,1,2
"522","A17_C70_F1_s05_w1.TIF",70,1,1
"523","A17_C70_F1_s05_w2.TIF",70,1,2
"524","A17_C70_F1_s06_w1.TIF",70,1,1
"525","A17_C70_F1_s06_w2.TIF",70,1,2
"526","A17_C70_F1_s07_w1.TIF",70,1,1
"527","A17_C70_F1_s07_w2.TIF",70,1,2
"528","A17_C70_F1_s08_w1.TIF",70,1,1
"529","A17_C70_F1_s08_w2.TIF",70,1,2
"530","A17_C70_F1_s09_w1.TIF",70,1,1
"531","A17_C70_F1_s09_w2.TIF",70,1,2
"532","A17_C70_F1_s10_w1.TIF",70,1,1
"533","A17_C70_F1_s10_w2.TIF",70,1,2
"534","A17_C70_F1_s11_w1.TIF",70,1,1
"535","A17_C70_F1_s12_w1.TIF",70,1,1
"536","A17_C70_F1_s12_w2.TIF",70,1,2
"537","A17_C70_F1_s13_w1.TIF",70,1,1
"538","A17_C70_F1_s13_w2.TIF",70,1,2
"539","A17_C70_F1_s15_w2.TIF",70,1,2
"540","A17_C70_F1_s16_w1.TIF",70,1,1
"541","A17_C70_F1_s16_w2.TIF",70,1,2
"542","A17_C70_F1_s19_w1.TIF",70,1,1
"543","A17_C70_F1_s19_w2.TIF",70,1,2
"544","A17_C70_F1_s20_w1.TIF",70,1,1
"545","A17_C70_F1_s20_w2.TIF",70,1,2
"546","A17_C70_F1_s21_w1.TIF",70,1,1
"547","A17_C70_F1_s21_w2.TIF",70,1,2
"548","A17_C70_F1_s22_w1.TIF",70,1,1
"549","A17_C70_F1_s22_w2.TIF",70,1,2
"550","A17_C70_F1_s24_w1.TIF",70,1,1
"551","A17_C70_F1_s24_w2.TIF",70,1,2
"552","A17_C70_F1_s25_w2.TIF",70,1,2
"553","A18_C74_F1_s01_w1.TIF",74,1,1
"554","A18_C74_F1_s01_w2.TIF",74,1,2
"555","A18_C74_F1_s02_w1.TIF",74,1,1
"556","A18_C74_F1_s03_w2.TIF",74,1,2
"557","A18_C74_F1_s04_w1.TIF",74,1,1
"558","A18_C74_F1_s04_w2.TIF",74,1,2
"559","A18_C74_F1_s05_w1.TIF",74,1,1
"560","A18_C74_F1_s06_w1.TIF",74,1,1
"561","A18_C74_F1_s07_w1.TIF",74,1,1
"562","A18_C74_F1_s07_w2.TIF",74,1,2
"563","A18_C74_F1_s08_w2.TIF",74,1,2
"564","A18_C74_F1_s09_w1.TIF",74,1,1
"565","A18_C74_F1_s10_w1.TIF",74,1,1
"566","A18_C74_F1_s10_w2.TIF",74,1,2
"567","A18_C74_F1_s11_w1.TIF",74,1,1
"568","A18_C74_F1_s11_w2.TIF",74,1,2
"569","A18_C74_F1_s12_w1.TIF",74,1,1
"570","A18_C74_F1_s12_w2.TIF",74,1,2
"571","A18_C74_F1_s13_w1.TIF",74,1,1
"572","A18_C74_F1_s14_w1.TIF",74,1,1
"573","A18_C74_F1_s14_w2.TIF",74,1,2
"574","A18_C74_F1_s15_w1.TIF",74,1,1
"575","A18_C74_F1_s15_w2.TIF",74,1,2
"576","A18_C74_F1_s16_w2.TIF",74,1,2
"577","A18_C74_F1_s17_w1.TIF",74,1,1
"578","A18_C74_F1_s17_w2.TIF",74,1,2
"579","A18_C74_F1_s18_w2.TIF",74,1,2
"580","A18_C74_F1_s19_w1.TIF",74,1,1
"581","A18_C74_F1_s20_w2.TIF",74,1,2
"582","A18_C74_F1_s23_w1.TIF",74,1,1
"583","A18_C74_F1_s24_w1.TIF",74,1,1
"584","A18_C74_F1_s24_w2.TIF",74,1,2
"585","A18_C74_F1_s25_w2.TIF",74,1,2
"586","A19_C78_F1_s01_w1.TIF",78,1,1
"587","A19_C78_F1_s01_w2.TIF",78,1,2
"588","A19_C78_F1_s02_w1.TIF",78,1,1
"589","A19_C78_F1_s03_w1.TIF",78,1,1
"590","A19_C78_F1_s03_w2.TIF",78,1,2
"591","A19_C78_F1_s04_w1.TIF",78,1,1
"592","A19_C78_F1_s04_w2.TIF",78,1,2
"593","A19_C78_F1_s05_w1.TIF",78,1,1
"594","A19_C78_F1_s05_w2.TIF",78,1,2
"595","A19_C78_F1_s07_w1.TIF",78,1,1
"596","A19_C78_F1_s07_w2.TIF",78,1,2
"597","A19_C78_F1_s08_w1.TIF",78,1,1
"598","A19_C78_F1_s08_w2.TIF",78,1,2
"599","A19_C78_F1_s09_w1.TIF",78,1,1
"600","A19_C78_F1_s10_w1.TIF",78,1,1
"601","A19_C78_F1_s10_w2.TIF",78,1,2
"602","A19_C78_F1_s11_w1.TIF",78,1,1
"603","A19_C78_F1_s11_w2.TIF",78,1,2
"604","A19_C78_F1_s12_w2.TIF",78,1,2
"605","A19_C78_F1_s13_w1.TIF",78,1,1
"606","A19_C78_F1_s13_w2.TIF",78,1,2
"607","A19_C78_F1_s14_w1.TIF",78,1,1
"608","A19_C78_F1_s14_w2.TIF",78,1,2
"609","A19_C78_F1_s15_w1.TIF",78,1,1
"610","A19_C78_F1_s15_w2.TIF",78,1,2
"611","A19_C78_F1_s16_w1.TIF",78,1,1
"612","A19_C78_F1_s16_w2.TIF",78,1,2
"613","A19_C78_F1_s17_w1.TIF",78,1,1
"614","A19_C78_F1_s18_w1.TIF",78,1,1
"615","A19_C78_F1_s19_w1.TIF",78,1,1
"616","A19_C78_F1_s20_w1.TIF",78,1,1
"617","A19_C78_F1_s20_w2.TIF",78,1,2
"618","A19_C78_F1_s21_w1.TIF",78,1,1
"619","A19_C78_F1_s22_w2.TIF",78,1,2
"620","A19_C78_F1_s23_w1.TIF",78,1,1
"621","A19_C78_F1_s23_w2.TIF",78,1,2
"622","A19_C78_F1_s24_w2.TIF",78,1,2
"623","A19_C78_F1_s25_w1.TIF",78,1,1
"624","A19_C78_F1_s25_w2.TIF",78,1,2
"625","A20_C83_F1_s01_w2.TIF",83,1,2
"626","A20_C83_F1_s03_w2.TIF",83,1,2
"627","A20_C83_F1_s04_w1.TIF",83,1,1
"628","A20_C83_F1_s05_w1.TIF",83,1,1
"629","A20_C83_F1_s05_w2.TIF",83,1,2
"630","A20_C83_F1_s06_w1.TIF",83,1,1
"631","A20_C83_F1_s07_w2.TIF",83,1,2
"632","A20_C83_F1_s08_w1.TIF",83,1,1
"633","A20_C83_F1_s08_w2.TIF",83,1,2
"634","A20_C83_F1_s09_w1.TIF",83,1,1
"635","A20_C83_F1_s09_w2.TIF",83,1,2
"636","A20_C83_F1_s10_w2.TIF",83,1,2
"637","A20_C83_F1_s11_w1.TIF",83,1,1
"638","A20_C83_F1_s12_w1.TIF",83,1,1
"639","A20_C83_F1_s12_w2.TIF",83,1,2
"640","A20_C83_F1_s13_w1.TIF",83,1,1
"641","A20_C83_F1_s14_w1.TIF",83,1,1
"642","A20_C83_F1_s15_w1.TIF",83,1,1
"643","A20_C83_F1_s16_w1.TIF",83,1,1
"644","A20_C83_F1_s16_w2.TIF",83,1,2
"645","A20_C83_F1_s17_w1.TIF",83,1,1
"646","A20_C83_F1_s17_w2.TIF",83,1,2
"647","A20_C83_F1_s18_w1.TIF",83,1,1
"648","A20_C83_F1_s18_w2.TIF",83,1,2
"649","A20_C83_F1_s19_w2.TIF",83,1,2
"650","A20_C83_F1_s20_w1.TIF",83,1,1
"651","A20_C83_F1_s21_w1.TIF",83,1,1
"652","A20_C83_F1_s21_w2.TIF",83,1,2
"653","A20_C83_F1_s22_w1.TIF",83,1,1
"654","A20_C83_F1_s23_w2.TIF",83,1,2
"655","A20_C83_F1_s24_w2.TIF",83,1,2
"656","A20_C83_F1_s25_w1.TIF",83,1,1
"657","A20_C83_F1_s25_w2.TIF",83,1,2
"658","A21_C87_F1_s01_w1.TIF",87,1,1
"659","A21_C87_F1_s01_w2.TIF",87,1,2
"660","A21_C87_F1_s02_w1.TIF",87,1,1
"661","A21_C87_F1_s03_w1.TIF",87,1,1
"662","A21_C87_F1_s03_w2.TIF",87,1,2
"663","A21_C87_F1_s04_w2.TIF",87,1,2
"664","A21_C87_F1_s05_w1.TIF",87,1,1
"665","A21_C87_F1_s06_w2.TIF",87,1,2
"666","A21_C87_F1_s08_w1.TIF",87,1,1
"667","A21_C87_F1_s08_w2.TIF",87,1,2
"668","A21_C87_F1_s09_w1.TIF",87,1,1
"669","A21_C87_F1_s09_w2.TIF",87,1,2
"670","A21_C87_F1_s10_w1.TIF",87,1,1
"671","A21_C87_F1_s11_w1.TIF",87,1,1
"672","A21_C87_F1_s11_w2.TIF",87,1,2
"673","A21_C87_F1_s12_w1.TIF",87,1,1
"674","A21_C87_F1_s12_w2.TIF",87,1,2
"675","A21_C87_F1_s13_w1.TIF",87,1,1
"676","A21_C87_F1_s14_w1.TIF",87,1,1
"677","A21_C87_F1_s14_w2.TIF",87,1,2
"678","A21_C87_F1_s15_w2.TIF",87,1,2
"679","A21_C87_F1_s16_w1.TIF",87,1,1
"680","A21_C87_F1_s16_w2.TIF",87,1,2
"681","A21_C87_F1_s17_w1.TIF",87,1,1
"682","A21_C87_F1_s18_w2.TIF",87,1,2
"683","A21_C87_F1_s19_w2.TIF",87,1,2
"684","A21_C87_F1_s20_w1.TIF",87,1,1
"685","A21_C87_F1_s20_w2.TIF",87,1,2
"686","A21_C87_F1_s21_w1.TIF",87,1,1
"687","A21_C87_F1_s21_w2.TIF",87,1,2
"688","A21_C87_F1_s23_w1.TIF",87,1,1
"689","A21_C87_F1_s24_w1.TIF",87,1,1
"690","A21_C87_F1_s25_w1.TIF",87,1,1
"691","A21_C87_F1_s25_w2.TIF",87,1,2
"692","A22_C91_F1_s01_w1.TIF",91,1,1
"693","A22_C91_F1_s01_w2.TIF",91,1,2
"694","A22_C91_F1_s02_w1.TIF",91,1,1
"695","A22_C91_F1_s02_w2.TIF",91,1,2
"696","A22_C91_F1_s03_w1.TIF",91,1,1
"697","A22_C91_F1_s03_w2.TIF",91,1,2
"698","A22_C91_F1_s04_w1.TIF",91,1,1
"699","A22_C91_F1_s04_w2.TIF",91,1,2
"700","A22_C91_F1_s05_w2.TIF",91,1,2
"701","A22_C91_F1_s06_w1.TIF",91,1,1
"702","A22_C91_F1_s06_w2.TIF",91,1,2
"703","A22_C91_F1_s07_w1.TIF",91,1,1
"704","A22_C91_F1_s07_w2.TIF",91,1,2
"705","A22_C91_F1_s08_w1.TIF",91,1,1
"706","A22_C91_F1_s08_w2.TIF",91,1,2
"707","A22_C91_F1_s09_w1.TIF",91,1,1
"708","A22_C91_F1_s09_w2.TIF",91,1,2
"709","A22_C91_F1_s10_w2.TIF",91,1,2
"710","A22_C91_F1_s11_w2.TIF",91,1,2
"711","A22_C91_F1_s13_w1.TIF",91,1,1
"712","A22_C91_F1_s15_w1.TIF",91,1,1
"713","A22_C91_F1_s15_w2.TIF",91,1,2
"714","A22_C91_F1_s16_w2.TIF",91,1,2
"715","A22_C91_F1_s17_w2.TIF",91,1,2
"716","A22_C91_F1_s18_w2.TIF",91,1,2
"717","A22_C91_F1_s19_w1.TIF",91,1,1
"718","A22_C91_F1_s20_w1.TIF",91,1,1
"719","A22_C91_F1_s21_w1.TIF",91,1,1
"720","A22_C91_F1_s21_w2.TIF",91,1,2
"721","A22_C91_F1_s22_w1.TIF",91,1,1
"722","A22_C91_F1_s22_w2.TIF",91,1,2
"723","A22_C91_F1_s23_w2.TIF",91,1,2
"724","A22_C91_F1_s24_w1.TIF",91,1,1
"725","A22_C91_F1_s24_w2.TIF",91,1,2
"726","A22_C91_F1_s25_w1.TIF",91,1,1
"727","A23_C96_F1_s01_w1.TIF",96,1,1
"728","A23_C96_F1_s01_w2.TIF",96,1,2
"729","A23_C96_F1_s02_w1.TIF",96,1,1
"730","A23_C96_F1_s03_w1.TIF",96,1,1
"731","A23_C96_F1_s04_w2.TIF",96,1,2
"732","A23_C96_F1_s05_w2.TIF",96,1,2
"733","A23_C96_F1_s06_w2.TIF",96,1,2
"734","A23_C96_F1_s07_w2.TIF",96,1,2
"735","A23_C96_F1_s08_w1.TIF",96,1,1
"736","A23_C96_F1_s09_w1.TIF",96,1,1
"737","A23_C96_F1_s10_w1.TIF",96,1,1
"738","A23_C96_F1_s10_w2.TIF",96,1,2
"739","A23_C96_F1_s11_w1.TIF",96,1,1
"740","A23_C96_F1_s12_w1.TIF",96,1,1
"741","A23_C96_F1_s12_w2.TIF",96,1,2
"742","A23_C96_F1_s13_w1.TIF",96,1,1
"743","A23_C96_F1_s13_w2.TIF",96,1,2
"744","A23_C96_F1_s14_w1.TIF",96,1,1
"745","A23_C96_F1_s14_w2.TIF",96,1,2
"746","A23_C96_F1_s15_w1.TIF",96,1,1
"747","A23_C96_F1_s15_w2.TIF",96,1,2
"748","A23_C96_F1_s16_w1.TIF",96,1,1
"749","A23_C96_F1_s16_w2.TIF",96,1,2
"750","A23_C96_F1_s17_w2.TIF",96,1,2
"751","A23_C96_F1_s18_w1.TIF",96,1,1
"752","A23_C96_F1_s19_w1.TIF",96,1,1
"753","A23_C96_F1_s19_w2.TIF",96,1,2
"754","A23_C96_F1_s21_w2.TIF",96,1,2
"755","A23_C96_F1_s22_w1.TIF",96,1,1
"756","A23_C96_F1_s22_w2.TIF",96,1,2
"757","A23_C96_F1_s23_w1.TIF",96,1,1
"758","A23_C96_F1_s24_w1.TIF",96,1,1
"759","A23_C96_F1_s24_w2.TIF",96,1,2
"760","A23_C96_F1_s25_w2.TIF",96,1,2
"761","A24_C100_F1_s01_w1.TIF",100,1,1
"762","A24_C100_F1_s01_w2.TIF",100,1,2
"763","A24_C100_F1_s02_w2.TIF",100,1,2
"764","A24_C100_F1_s03_w2.TIF",100,1,2
"765","A24_C100_F1_s04_w1.TIF",100,1,1
"766","A24_C100_F1_s05_w1.TIF",100,1,1
"767","A24_C100_F1_s05_w2.TIF",100,1,2
"768","A24_C100_F1_s06_w1.TIF",100,1,1
"769","A24_C100_F1_s06_w2.TIF",100,1,2
"770","A24_C100_F1_s07_w1.TIF",100,1,1
"771","A24_C100_F1_s07_w2.TIF",100,1,2
"772","A24_C100_F1_s08_w1.TIF",100,1,1
"773","A24_C100_F1_s08_w2.TIF",100,1,2
"774","A24_C100_F1_s10_w1.TIF",100,1,1
"775","A24_C100_F1_s10_w2.TIF",100,1,2
"776","A24_C100_F1_s11_w1.TIF",100,1,1
"777","A24_C100_F1_s12_w1.TIF",100,1,1
"778","A24_C100_F1_s12_w2.TIF",100,1,2
"779","A24_C100_F1_s13_w1.TIF",100,1,1
"780","A24_C100_F1_s13_w2.TIF",100,1,2
"781","A24_C100_F1_s14_w1.TIF",100,1,1
"782","A24_C100_F1_s15_w1.TIF",100,1,1
"783","A24_C100_F1_s15_w2.TIF",100,1,2
"784","A24_C100_F1_s16_w1.TIF",100,1,1
"785","A24_C100_F1_s16_w2.TIF",100,1,2
"786","A24_C100_F1_s17_w1.TIF",100,1,1
"787","A24_C100_F1_s17_w2.TIF",100,1,2
"788","A24_C100_F1_s18_w2.TIF",100,1,2
"789","A24_C100_F1_s19_w1.TIF",100,1,1
"790","A24_C100_F1_s20_w1.TIF",100,1,1
"791","A24_C100_F1_s20_w2.TIF",100,1,2
"792","A24_C100_F1_s21_w1.TIF",100,1,1
"793","A24_C100_F1_s21_w2.TIF",100,1,2
"794","A24_C100_F1_s22_w2.TIF",100,1,2
"795","A24_C100_F1_s23_w1.TIF",100,1,1
"796","A24_C100_F1_s23_w2.TIF",100,1,2
"797","A24_C100_F1_s24_w1.TIF",100,1,1
"798","A24_C100_F1_s24_w2.TIF",100,1,2
"799","A24_C100_F1_s25_w1.TIF",100,1,1
"800","A24_C100_F1_s25_w2.TIF",100,1,2
"801","H01_C1_F23_s01_w2.TIF",1,23,2
"802","H01_C1_F23_s02_w2.TIF",1,23,2
"803","H01_C1_F23_s04_w1.TIF",1,23,1
"804","H01_C1_F23_s04_w2.TIF",1,23,2
"805","H01_C1_F23_s05_w1.TIF",1,23,1
"806","H01_C1_F23_s05_w2.TIF",1,23,2
"807","H01_C1_F23_s07_w1.TIF",1,23,1
"808","H01_C1_F23_s08_w1.TIF",1,23,1
"809","H01_C1_F23_s08_w2.TIF",1,23,2
"810","H01_C1_F23_s09_w1.TIF",1,23,1
"811","H01_C1_F23_s10_w1.TIF",1,23,1
"812","H01_C1_F23_s10_w2.TIF",1,23,2
"813","H01_C1_F23_s11_w1.TIF",1,23,1
"814","H01_C1_F23_s12_w1.TIF",1,23,1
"815","H01_C1_F23_s12_w2.TIF",1,23,2
"816","H01_C1_F23_s14_w1.TIF",1,23,1
"817","H01_C1_F23_s14_w2.TIF",1,23,2
"818","H01_C1_F23_s15_w1.TIF",1,23,1
"819","H01_C1_F23_s15_w2.TIF",1,23,2
"820","H01_C1_F23_s16_w1.TIF",1,23,1
"821","H01_C1_F23_s16_w2.TIF",1,23,2
"822","H01_C1_F23_s17_w1.TIF",1,23,1
"823","H01_C1_F23_s17_w2.TIF",1,23,2
"824","H01_C1_F23_s18_w1.TIF",1,23,1
"825","H01_C1_F23_s18_w2.TIF",1,23,2
"826","H01_C1_F23_s19_w1.TIF",1,23,1
"827","H01_C1_F23_s19_w2.TIF",1,23,2
"828","H01_C1_F23_s20_w1.TIF",1,23,1
"829","H01_C1_F23_s20_w2.TIF",1,23,2
"830","H01_C1_F23_s21_w1.TIF",1,23,1
"831","H01_C1_F23_s22_w1.TIF",1,23,1
"832","H01_C1_F23_s22_w2.TIF",1,23,2
"833","H01_C1_F23_s23_w2.TIF",1,23,2
"834","H01_C1_F23_s24_w1.TIF",1,23,1
"835","H01_C1_F23_s24_w2.TIF",1,23,2
"836","H01_C1_F23_s25_w2.TIF",1,23,2
"837","H02_C5_F23_s02_w1.TIF",5,23,1
"838","H02_C5_F23_s02_w2.TIF",5,23,2
"839","H02_C5_F23_s03_w2.TIF",5,23,2
"840","H02_C5_F23_s04_w1.TIF",5,23,1
"841","H02_C5_F23_s05_w1.TIF",5,23,1
"842","H02_C5_F23_s05_w2.TIF",5,23,2
"843","H02_C5_F23_s07_w2.TIF",5,23,2
"844","H02_C5_F23_s09_w1.TIF",5,23,1
"845","H02_C5_F23_s09_w2.TIF",5,23,2
"846","H02_C5_F23_s11_w1.TIF",5,23,1
"847","H02_C5_F23_s12_w1.TIF",5,23,1
"848","H02_C5_F23_s12_w2.TIF",5,23,2
"849","H02_C5_F23_s13_w1.TIF",5,23,1
"850","H02_C5_F23_s15_w1.TIF",5,23,1
"851","H02_C5_F23_s15_w2.TIF",5,23,2
"852","H02_C5_F23_s16_w1.TIF",5,23,1
"853","H02_C5_F23_s16_w2.TIF",5,23,2
"854","H02_C5_F23_s17_w2.TIF",5,23,2
"855","H02_C5_F23_s18_w1.TIF",5,23,1
"856","H02_C5_F23_s18_w2.TIF",5,23,2
"857","H02_C5_F23_s19_w1.TIF",5,23,1
"858","H02_C5_F23_s19_w2.TIF",5,23,2
"859","H02_C5_F23_s21_w2.TIF",5,23,2
"860","H02_C5_F23_s22_w1.TIF",5,23,1
"861","H02_C5_F23_s22_w2.TIF",5,23,2
"862","H02_C5_F23_s23_w2.TIF",5,23,2
"863","H02_C5_F23_s25_w1.TIF",5,23,1
"864","H02_C5_F23_s25_w2.TIF",5,23,2
"865","H03_C10_F23_s01_w1.TIF",10,23,1
"866","H03_C10_F23_s02_w1.TIF",10,23,1
"867","H03_C10_F23_s02_w2.TIF",10,23,2
"868","H03_C10_F23_s03_w1.TIF",10,23,1
"869","H03_C10_F23_s05_w1.TIF",10,23,1
"870","H03_C10_F23_s06_w1.TIF",10,23,1
"871","H03_C10_F23_s06_w2.TIF",10,23,2
"872","H03_C10_F23_s08_w2.TIF",10,23,2
"873","H03_C10_F23_s09_w1.TIF",10,23,1
"874","H03_C10_F23_s09_w2.TIF",10,23,2
"875","H03_C10_F23_s10_w1.TIF",10,23,1
"876","H03_C10_F23_s10_w2.TIF",10,23,2
"877","H03_C10_F23_s11_w1.TIF",10,23,1
"878","H03_C10_F23_s12_w1.TIF",10,23,1
"879","H03_C10_F23_s13_w2.TIF",10,23,2
"880","H03_C10_F23_s14_w1.TIF",10,23,1
"881","H03_C10_F23_s15_w1.TIF",10,23,1
"882","H03_C10_F23_s16_w1.TIF",10,23,1
"883","H03_C10_F23_s16_w2.TIF",10,23,2
"884","H03_C10_F23_s17_w2.TIF",10,23,2
"885","H03_C10_F23_s21_w1.TIF",10,23,1
"886","H03_C10_F23_s21_w2.TIF",10,23,2
"887","H03_C10_F23_s22_w2.TIF",10,23,2
"888","H03_C10_F23_s23_w1.TIF",10,23,1
"889","H03_C10_F23_s24_w2.TIF",10,23,2
"890","H03_C10_F23_s25_w1.TIF",10,23,1
"891","H04_C14_F23_s01_w2.TIF",14,23,2
"892","H04_C14_F23_s02_w1.TIF",14,23,1
"893","H04_C14_F23_s03_w1.TIF",14,23,1
"894","H04_C14_F23_s03_w2.TIF",14,23,2
"895","H04_C14_F23_s04_w1.TIF",14,23,1
"896","H04_C14_F23_s05_w1.TIF",14,23,1
"897","H04_C14_F23_s06_w1.TIF",14,23,1
"898","H04_C14_F23_s07_w1.TIF",14,23,1
"899","H04_C14_F23_s07_w2.TIF",14,23,2
"900","H04_C14_F23_s08_w2.TIF",14,23,2
"901","H04_C14_F23_s09_w1.TIF",14,23,1
"902","H04_C14_F23_s10_w1.TIF",14,23,1
"903","H04_C14_F23_s11_w1.TIF",14,23,1
"904","H04_C14_F23_s11_w2.TIF",14,23,2
"905","H04_C14_F23_s12_w1.TIF",14,23,1
"906","H04_C14_F23_s12_w2.TIF",14,23,2
"907","H04_C14_F23_s13_w2.TIF",14,23,2
"908","H04_C14_F23_s14_w1.TIF",14,23,1
"909","H04_C14_F23_s14_w2.TIF",14,23,2
"910","H04_C14_F23_s15_w1.TIF",14,23,1
"911","H04_C14_F23_s15_w2.TIF",14,23,2
"912","H04_C14_F23_s16_w1.TIF",14,23,1
"913","H04_C14_F23_s16_w2.TIF",14,23,2
"914","H04_C14_F23_s17_w1.TIF",14,23,1
"915","H04_C14_F23_s17_w2.TIF",14,23,2
"916","H04_C14_F23_s18_w2.TIF",14,23,2
"917","H04_C14_F23_s19_w1.TIF",14,23,1
"918","H04_C14_F23_s20_w1.TIF",14,23,1
"919","H04_C14_F23_s25_w1.TIF",14,23,1
"920","H04_C14_F23_s25_w2.TIF",14,23,2
"921","H05_C18_F23_s01_w1.TIF",18,23,1
"922","H05_C18_F23_s02_w1.TIF",18,23,1
"923","H05_C18_F23_s03_w2.TIF",18,23,2
"924","H05_C18_F23_s05_w2.TIF",18,23,2
"925","H05_C18_F23_s06_w1.TIF",18,23,1
"926","H05_C18_F23_s06_w2.TIF",18,23,2
"927","H05_C18_F23_s08_w1.TIF",18,23,1
"928","H05_C18_F23_s08_w2.TIF",18,23,2
"929","H05_C18_F23_s09_w2.TIF",18,23,2
"930","H05_C18_F23_s10_w1.TIF",18,23,1
"931","H05_C18_F23_s10_w2.TIF",18,23,2
"932","H05_C18_F23_s11_w1.TIF",18,23,1
"933","H05_C18_F23_s11_w2.TIF",18,23,2
"934","H05_C18_F23_s12_w1.TIF",18,23,1
"935","H05_C18_F23_s12_w2.TIF",18,23,2
"936","H05_C18_F23_s13_w1.TIF",18,23,1
"937","H05_C18_F23_s14_w1.TIF",18,23,1
"938","H05_C18_F23_s15_w1.TIF",18,23,1
"939","H05_C18_F23_s15_w2.TIF",18,23,2
"940","H05_C18_F23_s16_w2.TIF",18,23,2
"941","H05_C18_F23_s18_w2.TIF",18,23,2
"942","H05_C18_F23_s19_w1.TIF",18,23,1
"943","H05_C18_F23_s19_w2.TIF",18,23,2
"944","H05_C18_F23_s20_w1.TIF",18,23,1
"945","H05_C18_F23_s20_w2.TIF",18,23,2
"946","H05_C18_F23_s21_w2.TIF",18,23,2
"947","H05_C18_F23_s22_w1.TIF",18,23,1
"948","H05_C18_F23_s22_w2.TIF",18,23,2
"949","H05_C18_F23_s23_w2.TIF",18,23,2
"950","H05_C18_F23_s24_w1.TIF",18,23,1
"951","H05_C18_F23_s24_w2.TIF",18,23,2
"952","H05_C18_F23_s25_w1.TIF",18,23,1
"953","H05_C18_F23_s25_w2.TIF",18,23,2
"954","H06_C23_F23_s01_w2.TIF",23,23,2
"955","H06_C23_F23_s03_w2.TIF",23,23,2
"956","H06_C23_F23_s04_w1.TIF",23,23,1
"957","H06_C23_F23_s04_w2.TIF",23,23,2
"958","H06_C23_F23_s05_w1.TIF",23,23,1
"959","H06_C23_F23_s05_w2.TIF",23,23,2
"960","H06_C23_F23_s06_w1.TIF",23,23,1
"961","H06_C23_F23_s06_w2.TIF",23,23,2
"962","H06_C23_F23_s07_w2.TIF",23,23,2
"963","H06_C23_F23_s09_w1.TIF",23,23,1
"964","H06_C23_F23_s09_w2.TIF",23,23,2
"965","H06_C23_F23_s10_w2.TIF",23,23,2
"966","H06_C23_F23_s11_w2.TIF",23,23,2
"967","H06_C23_F23_s12_w1.TIF",23,23,1
"968","H06_C23_F23_s12_w2.TIF",23,23,2
"969","H06_C23_F23_s13_w1.TIF",23,23,1
"970","H06_C23_F23_s14_w1.TIF",23,23,1
"971","H06_C23_F23_s14_w2.TIF",23,23,2
"972","H06_C23_F23_s15_w2.TIF",23,23,2
"973","H06_C23_F23_s16_w1.TIF",23,23,1
"974","H06_C23_F23_s16_w2.TIF",23,23,2
"975","H06_C23_F23_s17_w1.TIF",23,23,1
"976","H06_C23_F23_s17_w2.TIF",23,23,2
"977","H06_C23_F23_s18_w2.TIF",23,23,2
"978","H06_C23_F23_s19_w1.TIF",23,23,1
"979","H06_C23_F23_s20_w2.TIF",23,23,2
"980","H06_C23_F23_s21_w1.TIF",23,23,1
"981","H06_C23_F23_s21_w2.TIF",23,23,2
"982","H06_C23_F23_s22_w1.TIF",23,23,1
"983","H06_C23_F23_s23_w1.TIF",23,23,1
"984","H06_C23_F23_s23_w2.TIF",23,23,2
"985","H06_C23_F23_s24_w1.TIF",23,23,1
"986","H06_C23_F23_s25_w1.TIF",23,23,1
"987","H07_C27_F23_s03_w1.TIF",27,23,1
"988","H07_C27_F23_s03_w2.TIF",27,23,2
"989","H07_C27_F23_s04_w1.TIF",27,23,1
"990","H07_C27_F23_s04_w2.TIF",27,23,2
"991","H07_C27_F23_s05_w2.TIF",27,23,2
"992","H07_C27_F23_s06_w2.TIF",27,23,2
"993","H07_C27_F23_s07_w2.TIF",27,23,2
"994","H07_C27_F23_s08_w1.TIF",27,23,1
"995","H07_C27_F23_s08_w2.TIF",27,23,2
"996","H07_C27_F23_s09_w1.TIF",27,23,1
"997","H07_C27_F23_s09_w2.TIF",27,23,2
"998","H07_C27_F23_s10_w1.TIF",27,23,1
"999","H07_C27_F23_s10_w2.TIF",27,23,2
"1000","H07_C27_F23_s11_w1.TIF",27,23,1
"1001","H07_C27_F23_s11_w2.TIF",27,23,2
"1002","H07_C27_F23_s12_w1.TIF",27,23,1
"1003","H07_C27_F23_s12_w2.TIF",27,23,2
"1004","H07_C27_F23_s13_w1.TIF",27,23,1
"1005","H07_C27_F23_s14_w2.TIF",27,23,2
"1006","H07_C27_F23_s15_w1.TIF",27,23,1
"1007","H07_C27_F23_s15_w2.TIF",27,23,2
"1008","H07_C27_F23_s16_w1.TIF",27,23,1
"1009","H07_C27_F23_s16_w2.TIF",27,23,2
"1010","H07_C27_F23_s17_w1.TIF",27,23,1
"1011","H07_C27_F23_s17_w2.TIF",27,23,2
"1012","H07_C27_F23_s18_w1.TIF",27,23,1
"1013","H07_C27_F23_s21_w1.TIF",27,23,1
"1014","H07_C27_F23_s21_w2.TIF",27,23,2
"1015","H07_C27_F23_s22_w1.TIF",27,23,1
"1016","H07_C27_F23_s23_w1.TIF",27,23,1
"1017","H07_C27_F23_s24_w1.TIF",27,23,1
"1018","H07_C27_F23_s24_w2.TIF",27,23,2
"1019","H07_C27_F23_s25_w1.TIF",27,23,1
"1020","H07_C27_F23_s25_w2.TIF",27,23,2
"1021","H08_C31_F23_s01_w1.TIF",31,23,1
"1022","H08_C31_F23_s02_w1.TIF",31,23,1
"1023","H08_C31_F23_s03_w1.TIF",31,23,1
"1024","H08_C31_F23_s04_w2.TIF",31,23,2
"1025","H08_C31_F23_s05_w1.TIF",31,23,1
"1026","H08_C31_F23_s05_w2.TIF",31,23,2
"1027","H08_C31_F23_s07_w1.TIF",31,23,1
"1028","H08_C31_F23_s08_w1.TIF",31,23,1
"1029","H08_C31_F23_s08_w2.TIF",31,23,2
"1030","H08_C31_F23_s09_w1.TIF",31,23,1
"1031","H08_C31_F23_s10_w1.TIF",31,23,1
"1032","H08_C31_F23_s10_w2.TIF",31,23,2
"1033","H08_C31_F23_s11_w1.TIF",31,23,1
"1034","H08_C31_F23_s11_w2.TIF",31,23,2
"1035","H08_C31_F23_s12_w1.TIF",31,23,1
"1036","H08_C31_F23_s12_w2.TIF",31,23,2
"1037","H08_C31_F23_s13_w2.TIF",31,23,2
"1038","H08_C31_F23_s14_w1.TIF",31,23,1
"1039","H08_C31_F23_s14_w2.TIF",31,23,2
"1040","H08_C31_F23_s15_w1.TIF",31,23,1
"1041","H08_C31_F23_s15_w2.TIF",31,23,2
"1042","H08_C31_F23_s16_w2.TIF",31,23,2
"1043","H08_C31_F23_s17_w1.TIF",31,23,1
"1044","H08_C31_F23_s18_w2.TIF",31,23,2
"1045","H08_C31_F23_s19_w2.TIF",31,23,2
"1046","H08_C31_F23_s20_w1.TIF",31,23,1
"1047","H08_C31_F23_s20_w2.TIF",31,23,2
"1048","H08_C31_F23_s21_w1.TIF",31,23,1
"1049","H08_C31_F23_s21_w2.TIF",31,23,2
"1050","H08_C31_F23_s22_w1.TIF",31,23,1
"1051","H08_C31_F23_s22_w2.TIF",31,23,2
"1052","H08_C31_F23_s23_w2.TIF",31,23,2
"1053","H08_C31_F23_s24_w1.TIF",31,23,1
"1054","H09_C35_F23_s01_w1.TIF",35,23,1
"1055","H09_C35_F23_s01_w2.TIF",35,23,2
"1056","H09_C35_F23_s02_w1.TIF",35,23,1
"1057","H09_C35_F23_s02_w2.TIF",35,23,2
"1058","H09_C35_F23_s03_w1.TIF",35,23,1
"1059","H09_C35_F23_s04_w1.TIF",35,23,1
"1060","H09_C35_F23_s04_w2.TIF",35,23,2
"1061","H09_C35_F23_s05_w1.TIF",35,23,1
"1062","H09_C35_F23_s05_w2.TIF",35,23,2
"1063","H09_C35_F23_s06_w1.TIF",35,23,1
"1064","H09_C35_F23_s07_w1.TIF",35,23,1
"1065","H09_C35_F23_s07_w2.TIF",35,23,2
"1066","H09_C35_F23_s08_w1.TIF",35,23,1
"1067","H09_C35_F23_s08_w2.TIF",35,23,2
"1068","H09_C35_F23_s09_w2.TIF",35,23,2
"1069","H09_C35_F23_s10_w1.TIF",35,23,1
"1070","H09_C35_F23_s13_w1.TIF",35,23,1
"1071","H09_C35_F23_s13_w2.TIF",35,23,2
"1072","H09_C35_F23_s14_w2.TIF",35,23,2
"1073","H09_C35_F23_s15_w2.TIF",35,23,2
"1074","H09_C35_F23_s16_w1.TIF",35,23,1
"1075","H09_C35_F23_s16_w2.TIF",35,23,2
"1076","H09_C35_F23_s18_w1.TIF",35,23,1
"1077","H09_C35_F23_s18_w2.TIF",35,23,2
"1078","H09_C35_F23_s19_w2.TIF",35,23,2
"1079","H09_C35_F23_s20_w1.TIF",35,23,1
"1080","H09_C35_F23_s20_w2.TIF",35,23,2
"1081","H09_C35_F23_s21_w2.TIF",35,23,2
"1082","H09_C35_F23_s22_w1.TIF",35,23,1
"1083","H09_C35_F23_s22_w2.TIF",35,23,2
"1084","H09_C35_F23_s23_w2.TIF",35,23,2
"1085","H09_C35_F23_s24_w1.TIF",35,23,1
"1086","H09_C35_F23_s24_w2.TIF",35,23,2
"1087","H09_C35_F23_s25_w1.TIF",35,23,1
"1088","H09_C35_F23_s25_w2.TIF",35,23,2
"1089","H10_C40_F23_s03_w1.TIF",40,23,1
"1090","H10_C40_F23_s03_w2.TIF",40,23,2
"1091","H10_C40_F23_s04_w1.TIF",40,23,1
"1092","H10_C40_F23_s05_w2.TIF",40,23,2
"1093","H10_C40_F23_s06_w1.TIF",40,23,1
"1094","H10_C40_F23_s07_w1.TIF",40,23,1
"1095","H10_C40_F23_s08_w1.TIF",40,23,1
"1096","H10_C40_F23_s08_w2.TIF",40,23,2
"1097","H10_C40_F23_s09_w1.TIF",40,23,1
"1098","H10_C40_F23_s09_w2.TIF",40,23,2
"1099","H10_C40_F23_s10_w1.TIF",40,23,1
"1100","H10_C40_F23_s10_w2.TIF",40,23,2
"1101","H10_C40_F23_s11_w2.TIF",40,23,2
"1102","H10_C40_F23_s15_w1.TIF",40,23,1
"1103","H10_C40_F23_s15_w2.TIF",40,23,2
"1104","H10_C40_F23_s16_w2.TIF",40,23,2
"1105","H10_C40_F23_s17_w1.TIF",40,23,1
"1106","H10_C40_F23_s17_w2.TIF",40,23,2
"1107","H10_C40_F23_s18_w1.TIF",40,23,1
"1108","H10_C40_F23_s18_w2.TIF",40,23,2
"1109","H10_C40_F23_s19_w2.TIF",40,23,2
"1110","H10_C40_F23_s20_w2.TIF",40,23,2
"1111","H10_C40_F23_s21_w2.TIF",40,23,2
"1112","H10_C40_F23_s22_w1.TIF",40,23,1
"1113","H10_C40_F23_s23_w1.TIF",40,23,1
"1114","H10_C40_F23_s23_w2.TIF",40,23,2
"1115","H10_C40_F23_s24_w2.TIF",40,23,2
"1116","H10_C40_F23_s25_w1.TIF",40,23,1
"1117","H11_C44_F23_s01_w1.TIF",44,23,1
"1118","H11_C44_F23_s03_w1.TIF",44,23,1
"1119","H11_C44_F23_s04_w1.TIF",44,23,1
"1120","H11_C44_F23_s04_w2.TIF",44,23,2
"1121","H11_C44_F23_s05_w1.TIF",44,23,1
"1122","H11_C44_F23_s06_w1.TIF",44,23,1
"1123","H11_C44_F23_s06_w2.TIF",44,23,2
"1124","H11_C44_F23_s07_w1.TIF",44,23,1
"1125","H11_C44_F23_s08_w1.TIF",44,23,1
"1126","H11_C44_F23_s08_w2.TIF",44,23,2
"1127","H11_C44_F23_s09_w2.TIF",44,23,2
"1128","H11_C44_F23_s10_w2.TIF",44,23,2
"1129","H11_C44_F23_s11_w1.TIF",44,23,1
"1130","H11_C44_F23_s11_w2.TIF",44,23,2
"1131","H11_C44_F23_s12_w1.TIF",44,23,1
"1132","H11_C44_F23_s12_w2.TIF",44,23,2
"1133","H11_C44_F23_s13_w1.TIF",44,23,1
"1134","H11_C44_F23_s14_w2.TIF",44,23,2
"1135","H11_C44_F23_s17_w2.TIF",44,23,2
"1136","H11_C44_F23_s18_w1.TIF",44,23,1
"1137","H11_C44_F23_s18_w2.TIF",44,23,2
"1138","H11_C44_F23_s22_w1.TIF",44,23,1
"1139","H11_C44_F23_s22_w2.TIF",44,23,2
"1140","H11_C44_F23_s23_w1.TIF",44,23,1
"1141","H11_C44_F23_s23_w2.TIF",44,23,2
"1142","H11_C44_F23_s24_w1.TIF",44,23,1
"1143","H11_C44_F23_s25_w2.TIF",44,23,2
"1144","H12_C48_F23_s01_w2.TIF",48,23,2
"1145","H12_C48_F23_s02_w1.TIF",48,23,1
"1146","H12_C48_F23_s04_w1.TIF",48,23,1
"1147","H12_C48_F23_s04_w2.TIF",48,23,2
"1148","H12_C48_F23_s06_w1.TIF",48,23,1
"1149","H12_C48_F23_s07_w1.TIF",48,23,1
"1150","H12_C48_F23_s08_w2.TIF",48,23,2
"1151","H12_C48_F23_s09_w1.TIF",48,23,1
"1152","H12_C48_F23_s10_w2.TIF",48,23,2
"1153","H12_C48_F23_s11_w1.TIF",48,23,1
"1154","H12_C48_F23_s11_w2.TIF",48,23,2
"1155","H12_C48_F23_s12_w1.TIF",48,23,1
"1156","H12_C48_F23_s13_w1.TIF",48,23,1
"1157","H12_C48_F23_s13_w2.TIF",48,23,2
"1158","H12_C48_F23_s14_w1.TIF",48,23,1
"1159","H12_C48_F23_s14_w2.TIF",48,23,2
"1160","H12_C48_F23_s15_w2.TIF",48,23,2
"1161","H12_C48_F23_s16_w2.TIF",48,23,2
"1162","H12_C48_F23_s17_w1.TIF",48,23,1
"1163","H12_C48_F23_s17_w2.TIF",48,23,2
"1164","H12_C48_F23_s18_w1.TIF",48,23,1
"1165","H12_C48_F23_s18_w2.TIF",48,23,2
"1166","H12_C48_F23_s19_w2.TIF",48,23,2
"1167","H12_C48_F23_s20_w2.TIF",48,23,2
"1168","H12_C48_F23_s21_w2.TIF",48,23,2
"1169","H12_C48_F23_s23_w1.TIF",48,23,1
"1170","H12_C48_F23_s24_w1.TIF",48,23,1
"1171","H12_C48_F23_s24_w2.TIF",48,23,2
"1172","H12_C48_F23_s25_w1.TIF",48,23,1
"1173","H13_C53_F23_s02_w1.TIF",53,23,1
"1174","H13_C53_F23_s02_w2.TIF",53,23,2
"1175","H13_C53_F23_s04_w1.TIF",53,23,1
"1176","H13_C53_F23_s05_w1.TIF",53,23,1
"1177","H13_C53_F23_s05_w2.TIF",53,23,2
"1178","H13_C53_F23_s06_w2.TIF",53,23,2
"1179","H13_C53_F23_s07_w2.TIF",53,23,2
"1180","H13_C53_F23_s08_w1.TIF",53,23,1
"1181","H13_C53_F23_s08_w2.TIF",53,23,2
"1182","H13_C53_F23_s09_w1.TIF",53,23,1
"1183","H13_C53_F23_s09_w2.TIF",53,23,2
"1184","H13_C53_F23_s10_w1.TIF",53,23,1
"1185","H13_C53_F23_s10_w2.TIF",53,23,2
"1186","H13_C53_F23_s11_w2.TIF",53,23,2
"1187","H13_C53_F23_s12_w1.TIF",53,23,1
"1188","H13_C53_F23_s12_w2.TIF",53,23,2
"1189","H13_C53_F23_s13_w1.TIF",53,23,1
"1190","H13_C53_F23_s13_w2.TIF",53,23,2
"1191","H13_C53_F23_s14_w1.TIF",53,23,1
"1192","H13_C53_F23_s14_w2.TIF",53,23,2
"1193","H13_C53_F23_s15_w1.TIF",53,23,1
"1194","H13_C53_F23_s16_w1.TIF",53,23,1
"1195","H13_C53_F23_s16_w2.TIF",53,23,2
"1196","H13_C53_F23_s17_w1.TIF",53,23,1
"1197","H13_C53_F23_s17_w2.TIF",53,23,2
"1198","H13_C53_F23_s18_w1.TIF",53,23,1
"1199","H13_C53_F23_s18_w2.TIF",53,23,2
"1200","H13_C53_F23_s19_w2.TIF",53,23,2
"1201","H13_C53_F23_s20_w1.TIF",53,23,1
"1202","H13_C53_F23_s20_w2.TIF",53,23,2
"1203","H13_C53_F23_s21_w2.TIF",53,23,2
"1204","H13_C53_F23_s22_w1.TIF",53,23,1
"1205","H13_C53_F23_s22_w2.TIF",53,23,2
"1206","H13_C53_F23_s23_w1.TIF",53,23,1
"1207","H13_C53_F23_s23_w2.TIF",53,23,2
"1208","H13_C53_F23_s24_w1.TIF",53,23,1
"1209","H13_C53_F23_s25_w1.TIF",53,23,1
"1210","H13_C53_F23_s25_w2.TIF",53,23,2
"1211","H14_C57_F23_s01_w1.TIF",57,23,1
"1212","H14_C57_F23_s01_w2.TIF",57,23,2
"1213","H14_C57_F23_s03_w1.TIF",57,23,1
"1214","H14_C57_F23_s03_w2.TIF",57,23,2
"1215","H14_C57_F23_s04_w1.TIF",57,23,1
"1216","H14_C57_F23_s05_w1.TIF",57,23,1
"1217","H14_C57_F23_s05_w2.TIF",57,23,2
"1218","H14_C57_F23_s07_w1.TIF",57,23,1
"1219","H14_C57_F23_s08_w1.TIF",57,23,1
"1220","H14_C57_F23_s08_w2.TIF",57,23,2
"1221","H14_C57_F23_s09_w2.TIF",57,23,2
"1222","H14_C57_F23_s10_w2.TIF",57,23,2
"1223","H14_C57_F23_s11_w1.TIF",57,23,1
"1224","H14_C57_F23_s11_w2.TIF",57,23,2
"1225","H14_C57_F23_s13_w1.TIF",57,23,1
"1226","H14_C57_F23_s13_w2.TIF",57,23,2
"1227","H14_C57_F23_s14_w1.TIF",57,23,1
"1228","H14_C57_F23_s14_w2.TIF",57,23,2
"1229","H14_C57_F23_s15_w1.TIF",57,23,1
"1230","H14_C57_F23_s15_w2.TIF",57,23,2
"1231","H14_C57_F23_s16_w1.TIF",57,23,1
"1232","H14_C57_F23_s16_w2.TIF",57,23,2
"1233","H14_C57_F23_s17_w1.TIF",57,23,1
"1234","H14_C57_F23_s17_w2.TIF",57,23,2
"1235","H14_C57_F23_s18_w2.TIF",57,23,2
"1236","H14_C57_F23_s19_w1.TIF",57,23,1
"1237","H14_C57_F23_s19_w2.TIF",57,23,2
"1238","H14_C57_F23_s20_w2.TIF",57,23,2
"1239","H14_C57_F23_s21_w1.TIF",57,23,1
"1240","H14_C57_F23_s21_w2.TIF",57,23,2
"1241","H14_C57_F23_s22_w1.TIF",57,23,1
"1242","H14_C57_F23_s23_w2.TIF",57,23,2
"1243","H14_C57_F23_s24_w1.TIF",57,23,1
"1244","H14_C57_F23_s24_w2.TIF",57,23,2
"1245","H14_C57_F23_s25_w1.TIF",57,23,1
"1246","H15_C61_F23_s03_w1.TIF",61,23,1
"1247","H15_C61_F23_s03_w2.TIF",61,23,2
"1248","H15_C61_F23_s04_w1.TIF",61,23,1
"1249","H15_C61_F23_s04_w2.TIF",61,23,2
"1250","H15_C61_F23_s05_w1.TIF",61,23,1
"1251","H15_C61_F23_s05_w2.TIF",61,23,2
"1252","H15_C61_F23_s06_w1.TIF",61,23,1
"1253","H15_C61_F23_s06_w2.TIF",61,23,2
"1254","H15_C61_F23_s07_w1.TIF",61,23,1
"1255","H15_C61_F23_s07_w2.TIF",61,23,2
"1256","H15_C61_F23_s08_w2.TIF",61,23,2
"1257","H15_C61_F23_s09_w1.TIF",61,23,1
"1258","H15_C61_F23_s09_w2.TIF",61,23,2
"1259","H15_C61_F23_s10_w1.TIF",61,23,1
"1260","H15_C61_F23_s10_w2.TIF",61,23,2
"1261","H15_C61_F23_s11_w1.TIF",61,23,1
"1262","H15_C61_F23_s12_w1.TIF",61,23,1
"1263","H15_C61_F23_s12_w2.TIF",61,23,2
"1264","H15_C61_F23_s13_w2.TIF",61,23,2
"1265","H15_C61_F23_s14_w1.TIF",61,23,1
"1266","H15_C61_F23_s14_w2.TIF",61,23,2
"1267","H15_C61_F23_s15_w2.TIF",61,23,2
"1268","H15_C61_F23_s16_w2.TIF",61,23,2
"1269","H15_C61_F23_s17_w1.TIF",61,23,1
"1270","H15_C61_F23_s17_w2.TIF",61,23,2
"1271","H15_C61_F23_s19_w2.TIF",61,23,2
"1272","H15_C61_F23_s20_w2.TIF",61,23,2
"1273","H15_C61_F23_s21_w1.TIF",61,23,1
"1274","H15_C61_F23_s21_w2.TIF",61,23,2
"1275","H15_C61_F23_s22_w1.TIF",61,23,1
"1276","H15_C61_F23_s22_w2.TIF",61,23,2
"1277","H15_C61_F23_s23_w1.TIF",61,23,1
"1278","H15_C61_F23_s23_w2.TIF",61,23,2
"1279","H15_C61_F23_s24_w1.TIF",61,23,1
"1280","H16_C66_F23_s01_w1.TIF",66,23,1
"1281","H16_C66_F23_s01_w2.TIF",66,23,2
"1282","H16_C66_F23_s02_w1.TIF",66,23,1
"1283","H16_C66_F23_s02_w2.TIF",66,23,2
"1284","H16_C66_F23_s03_w1.TIF",66,23,1
"1285","H16_C66_F23_s03_w2.TIF",66,23,2
"1286","H16_C66_F23_s04_w1.TIF",66,23,1
"1287","H16_C66_F23_s04_w2.TIF",66,23,2
"1288","H16_C66_F23_s05_w1.TIF",66,23,1
"1289","H16_C66_F23_s06_w1.TIF",66,23,1
"1290","H16_C66_F23_s07_w1.TIF",66,23,1
"1291","H16_C66_F23_s07_w2.TIF",66,23,2
"1292","H16_C66_F23_s08_w2.TIF",66,23,2
"1293","H16_C66_F23_s09_w2.TIF",66,23,2
"1294","H16_C66_F23_s10_w2.TIF",66,23,2
"1295","H16_C66_F23_s11_w1.TIF",66,23,1
"1296","H16_C66_F23_s11_w2.TIF",66,23,2
"1297","H16_C66_F23_s12_w1.TIF",66,23,1
"1298","H16_C66_F23_s12_w2.TIF",66,23,2
"1299","H16_C66_F23_s13_w1.TIF",66,23,1
"1300","H16_C66_F23_s14_w2.TIF",66,23,2
"1301","H16_C66_F23_s15_w1.TIF",66,23,1
"1302","H16_C66_F23_s15_w2.TIF",66,23,2
"1303","H16_C66_F23_s16_w1.TIF",66,23,1
"1304","H16_C66_F23_s16_w2.TIF",66,23,2
"1305","H16_C66_F23_s17_w2.TIF",66,23,2
"1306","H16_C66_F23_s18_w1.TIF",66,23,1
"1307","H16_C66_F23_s18_w2.TIF",66,23,2
"1308","H16_C66_F23_s19_w2.TIF",66,23,2
"1309","H16_C66_F23_s20_w1.TIF",66,23,1
"1310","H16_C66_F23_s21_w1.TIF",66,23,1
"1311","H16_C66_F23_s21_w2.TIF",66,23,2
"1312","H16_C66_F23_s22_w1.TIF",66,23,1
"1313","H16_C66_F23_s23_w1.TIF",66,23,1
"1314","H16_C66_F23_s23_w2.TIF",66,23,2
"1315","H16_C66_F23_s24_w2.TIF",66,23,2
"1316","H16_C66_F23_s25_w2.TIF",66,23,2
"1317","H17_C70_F23_s01_w1.TIF",70,23,1
"1318","H17_C70_F23_s02_w1.TIF",70,23,1
"1319","H17_C70_F23_s03_w1.TIF",70,23,1
"1320","H17_C70_F23_s03_w2.TIF",70,23,2
"1321","H17_C70_F23_s04_w1.TIF",70,23,1
"1322","H17_C70_F23_s05_w2.TIF",70,23,2
"1323","H17_C70_F23_s06_w1.TIF",70,23,1
"1324","H17_C70_F23_s07_w1.TIF",70,23,1
"1325","H17_C70_F23_s07_w2.TIF",70,23,2
"1326","H17_C70_F23_s08_w1.TIF",70,23,1
"1327","H17_C70_F23_s08_w2.TIF",70,23,2
"1328","H17_C70_F23_s09_w1.TIF",70,23,1
"1329","H17_C70_F23_s09_w2.TIF",70,23,2
"1330","H17_C70_F23_s10_w1.TIF",70,23,1
"1331","H17_C70_F23_s10_w2.TIF",70,23,2
"1332","H17_C70_F23_s11_w1.TIF",70,23,1
"1333","H17_C70_F23_s11_w2.TIF",70,23,2
"1334","H17_C70_F23_s12_w1.TIF",70,23,1
"1335","H17_C70_F23_s12_w2.TIF",70,23,2
"1336","H17_C70_F23_s13_w1.TIF",70,23,1
"1337","H17_C70_F23_s14_w2.TIF",70,23,2
"1338","H17_C70_F23_s15_w1.TIF",70,23,1
"1339","H17_C70_F23_s15_w2.TIF",70,23,2
"1340","H17_C70_F23_s16_w1.TIF",70,23,1
"1341","H17_C70_F23_s16_w2.TIF",70,23,2
"1342","H17_C70_F23_s17_w2.TIF",70,23,2
"1343","H17_C70_F23_s18_w1.TIF",70,23,1
"1344","H17_C70_F23_s18_w2.TIF",70,23,2
"1345","H17_C70_F23_s20_w1.TIF",70,23,1
"1346","H17_C70_F23_s21_w1.TIF",70,23,1
"1347","H17_C70_F23_s21_w2.TIF",70,23,2
"1348","H17_C70_F23_s22_w1.TIF",70,23,1
"1349","H17_C70_F23_s23_w1.TIF",70,23,1
"1350","H17_C70_F23_s24_w2.TIF",70,23,2
"1351","H17_C70_F23_s25_w1.TIF",70,23,1
"1352","H17_C70_F23_s25_w2.TIF",70,23,2
"1353","H18_C74_F23_s01_w1.TIF",74,23,1
"1354","H18_C74_F23_s02_w1.TIF",74,23,1
"1355","H18_C74_F23_s02_w2.TIF",74,23,2
"1356","H18_C74_F23_s03_w1.TIF",74,23,1
"1357","H18_C74_F23_s04_w1.TIF",74,23,1
"1358","H18_C74_F23_s04_w2.TIF",74,23,2
"1359","H18_C74_F23_s05_w2.TIF",74,23,2
"1360","H18_C74_F23_s06_w1.TIF",74,23,1
"1361","H18_C74_F23_s06_w2.TIF",74,23,2
"1362","H18_C74_F23_s07_w2.TIF",74,23,2
"1363","H18_C74_F23_s09_w1.TIF",74,23,1
"1364","H18_C74_F23_s10_w1.TIF",74,23,1
"1365","H18_C74_F23_s10_w2.TIF",74,23,2
"1366","H18_C74_F23_s11_w1.TIF",74,23,1
"1367","H18_C74_F23_s12_w1.TIF",74,23,1
"1368","H18_C74_F23_s12_w2.TIF",74,23,2
"1369","H18_C74_F23_s13_w1.TIF",74,23,1
"1370","H18_C74_F23_s13_w2.TIF",74,23,2
"1371","H18_C74_F23_s15_w2.TIF",74,23,2
"1372","H18_C74_F23_s16_w2.TIF",74,23,2
"1373","H18_C74_F23_s17_w1.TIF",74,23,1
"1374","H18_C74_F23_s17_w2.TIF",74,23,2
"1375","H18_C74_F23_s18_w1.TIF",74,23,1
"1376","H18_C74_F23_s18_w2.TIF",74,23,2
"1377","H18_C74_F23_s19_w1.TIF",74,23,1
"1378","H18_C74_F23_s19_w2.TIF",74,23,2
"1379","H18_C74_F23_s20_w1.TIF",74,23,1
"1380","H18_C74_F23_s21_w1.TIF",74,23,1
"1381","H18_C74_F23_s21_w2.TIF",74,23,2
"1382","H18_C74_F23_s22_w1.TIF",74,23,1
"1383","H18_C74_F23_s22_w2.TIF",74,23,2
"1384","H18_C74_F23_s23_w1.TIF",74,23,1
"1385","H18_C74_F23_s23_w2.TIF",74,23,2
"1386","H18_C74_F23_s24_w2.TIF",74,23,2
"1387","H18_C74_F23_s25_w1.TIF",74,23,1
"1388","H18_C74_F23_s25_w2.TIF",74,23,2
"1389","H19_C78_F23_s01_w1.TIF",78,23,1
"1390","H19_C78_F23_s01_w2.TIF",78,23,2
"1391","H19_C78_F23_s02_w2.TIF",78,23,2
"1392","H19_C78_F23_s04_w1.TIF",78,23,1
"1393","H19_C78_F23_s05_w1.TIF",78,23,1
"1394","H19_C78_F23_s05_w2.TIF",78,23,2
"1395","H19_C78_F23_s06_w1.TIF",78,23,1
"1396","H19_C78_F23_s07_w1.TIF",78,23,1
"1397","H19_C78_F23_s07_w2.TIF",78,23,2
"1398","H19_C78_F23_s08_w1.TIF",78,23,1
"1399","H19_C78_F23_s09_w1.TIF",78,23,1
"1400","H19_C78_F23_s09_w2.TIF",78,23,2
"1401","H19_C78_F23_s11_w1.TIF",78,23,1
"1402","H19_C78_F23_s11_w2.TIF",78,23,2
"1403","H19_C78_F23_s12_w1.TIF",78,23,1
"1404","H19_C78_F23_s12_w2.TIF",78,23,2
"1405","H19_C78_F23_s13_w1.TIF",78,23,1
"1406","H19_C78_F23_s14_w1.TIF",78,23,1
"1407","H19_C78_F23_s14_w2.TIF",78,23,2
"1408","H19_C78_F23_s15_w1.TIF",78,23,1
"1409","H19_C78_F23_s17_w1.TIF",78,23,1
"1410","H19_C78_F23_s18_w1.TIF",78,23,1
"1411","H19_C78_F23_s18_w2.TIF",78,23,2
"1412","H19_C78_F23_s19_w2.TIF",78,23,2
"1413","H19_C78_F23_s20_w1.TIF",78,23,1
"1414","H19_C78_F23_s22_w1.TIF",78,23,1
"1415","H19_C78_F23_s22_w2.TIF",78,23,2
"1416","H19_C78_F23_s24_w1.TIF",78,23,1
"1417","H19_C78_F23_s25_w1.TIF",78,23,1
"1418","H19_C78_F23_s25_w2.TIF",78,23,2
"1419","H20_C83_F23_s01_w1.TIF",83,23,1
"1420","H20_C83_F23_s01_w2.TIF",83,23,2
"1421","H20_C83_F23_s02_w2.TIF",83,23,2
"1422","H20_C83_F23_s03_w1.TIF",83,23,1
"1423","H20_C83_F23_s03_w2.TIF",83,23,2
"1424","H20_C83_F23_s04_w1.TIF",83,23,1
"1425","H20_C83_F23_s05_w1.TIF",83,23,1
"1426","H20_C83_F23_s05_w2.TIF",83,23,2
"1427","H20_C83_F23_s06_w1.TIF",83,23,1
"1428","H20_C83_F23_s07_w2.TIF",83,23,2
"1429","H20_C83_F23_s08_w1.TIF",83,23,1
"1430","H20_C83_F23_s08_w2.TIF",83,23,2
"1431","H20_C83_F23_s09_w2.TIF",83,23,2
"1432","H20_C83_F23_s10_w1.TIF",83,23,1
"1433","H20_C83_F23_s10_w2.TIF",83,23,2
"1434","H20_C83_F23_s11_w1.TIF",83,23,1
"1435","H20_C83_F23_s12_w1.TIF",83,23,1
"1436","H20_C83_F23_s12_w2.TIF",83,23,2
"1437","H20_C83_F23_s13_w1.TIF",83,23,1
"1438","H20_C83_F23_s14_w2.TIF",83,23,2
"1439","H20_C83_F23_s15_w2.TIF",83,23,2
"1440","H20_C83_F23_s16_w1.TIF",83,23,1
"1441","H20_C83_F23_s16_w2.TIF",83,23,2
"1442","H20_C83_F23_s18_w1.TIF",83,23,1
"1443","H20_C83_F23_s18_w2.TIF",83,23,2
"1444","H20_C83_F23_s19_w1.TIF",83,23,1
"1445","H20_C83_F23_s19_w2.TIF",83,23,2
"1446","H20_C83_F23_s20_w1.TIF",83,23,1
"1447","H20_C83_F23_s20_w2.TIF",83,23,2
"1448","H20_C83_F23_s21_w2.TIF",83,23,2
"1449","H20_C83_F23_s22_w2.TIF",83,23,2
"1450","H20_C83_F23_s24_w1.TIF",83,23,1
"1451","H20_C83_F23_s25_w1.TIF",83,23,1
"1452","H20_C83_F23_s25_w2.TIF",83,23,2
"1453","H21_C87_F23_s01_w1.TIF",87,23,1
"1454","H21_C87_F23_s01_w2.TIF",87,23,2
"1455","H21_C87_F23_s02_w1.TIF",87,23,1
"1456","H21_C87_F23_s02_w2.TIF",87,23,2
"1457","H21_C87_F23_s03_w1.TIF",87,23,1
"1458","H21_C87_F23_s03_w2.TIF",87,23,2
"1459","H21_C87_F23_s04_w1.TIF",87,23,1
"1460","H21_C87_F23_s04_w2.TIF",87,23,2
"1461","H21_C87_F23_s05_w1.TIF",87,23,1
"1462","H21_C87_F23_s06_w2.TIF",87,23,2
"1463","H21_C87_F23_s07_w1.TIF",87,23,1
"1464","H21_C87_F23_s07_w2.TIF",87,23,2
"1465","H21_C87_F23_s08_w1.TIF",87,23,1
"1466","H21_C87_F23_s08_w2.TIF",87,23,2
"1467","H21_C87_F23_s09_w1.TIF",87,23,1
"1468","H21_C87_F23_s11_w1.TIF",87,23,1
"1469","H21_C87_F23_s12_w2.TIF",87,23,2
"1470","H21_C87_F23_s13_w1.TIF",87,23,1
"1471","H21_C87_F23_s13_w2.TIF",87,23,2
"1472","H21_C87_F23_s14_w1.TIF",87,23,1
"1473","H21_C87_F23_s14_w2.TIF",87,23,2
"1474","H21_C87_F23_s15_w1.TIF",87,23,1
"1475","H21_C87_F23_s15_w2.TIF",87,23,2
"1476","H21_C87_F23_s16_w1.TIF",87,23,1
"1477","H21_C87_F23_s16_w2.TIF",87,23,2
"1478","H21_C87_F23_s17_w1.TIF",87,23,1
"1479","H21_C87_F23_s18_w1.TIF",87,23,1
"1480","H21_C87_F23_s18_w2.TIF",87,23,2
"1481","H21_C87_F23_s19_w1.TIF",87,23,1
"1482","H21_C87_F23_s19_w2.TIF",87,23,2
"1483","H21_C87_F23_s20_w1.TIF",87,23,1
"1484","H21_C87_F23_s20_w2.TIF",87,23,2
"1485","H21_C87_F23_s21_w2.TIF",87,23,2
"1486","H21_C87_F23_s22_w1.TIF",87,23,1
"1487","H21_C87_F23_s22_w2.TIF",87,23,2
"1488","H21_C87_F23_s23_w1.TIF",87,23,1
"1489","H21_C87_F23_s24_w1.TIF",87,23,1
"1490","H21_C87_F23_s25_w1.TIF",87,23,1
"1491","H21_C87_F23_s25_w2.TIF",87,23,2
"1492","H22_C91_F23_s01_w1.TIF",91,23,1
"1493","H22_C91_F23_s02_w1.TIF",91,23,1
"1494","H22_C91_F23_s03_w1.TIF",91,23,1
"1495","H22_C91_F23_s04_w2.TIF",91,23,2
"1496","H22_C91_F23_s05_w1.TIF",91,23,1
"1497","H22_C91_F23_s05_w2.TIF",91,23,2
"1498","H22_C91_F23_s07_w2.TIF",91,23,2
"1499","H22_C91_F23_s08_w1.TIF",91,23,1
"1500","H22_C91_F23_s08_w2.TIF",91,23,2
"1501","H22_C91_F23_s09_w1.TIF",91,23,1
"1502","H22_C91_F23_s09_w2.TIF",91,23,2
"1503","H22_C91_F23_s10_w1.TIF",91,23,1
"1504","H22_C91_F23_s10_w2.TIF",91,23,2
"1505","H22_C91_F23_s12_w1.TIF",91,23,1
"1506","H22_C91_F23_s12_w2.TIF",91,23,2
"1507","H22_C91_F23_s13_w1.TIF",91,23,1
"1508","H22_C91_F23_s13_w2.TIF",91,23,2
"1509","H22_C91_F23_s14_w2.TIF",91,23,2
"1510","H22_C91_F23_s15_w2.TIF",91,23,2
"1511","H22_C91_F23_s16_w2.TIF",91,23,2
"1512","H22_C91_F23_s17_w1.TIF",91,23,1
"1513","H22_C91_F23_s17_w2.TIF",91,23,2
"1514","H22_C91_F23_s18_w2.TIF",91,23,2
"1515","H22_C91_F23_s19_w2.TIF",91,23,2
"1516","H22_C91_F23_s20_w1.TIF",91,23,1
"1517","H22_C91_F23_s20_w2.TIF",91,23,2
"1518","H22_C91_F23_s21_w2.TIF",91,23,2
"1519","H22_C91_F23_s22_w1.TIF",91,23,1
"1520","H22_C91_F23_s22_w2.TIF",91,23,2
"1521","H22_C91_F23_s23_w2.TIF",91,23,2
"1522","H22_C91_F23_s24_w1.TIF",91,23,1
"1523","H22_C91_F23_s25_w1.TIF",91,23,1
"1524","H23_C96_F23_s01_w1.TIF",96,23,1
"1525","H23_C96_F23_s01_w2.TIF",96,23,2
"1526","H23_C96_F23_s02_w1.TIF",96,23,1
"1527","H23_C96_F23_s02_w2.TIF",96,23,2
"1528","H23_C96_F23_s03_w1.TIF",96,23,1
"1529","H23_C96_F23_s03_w2.TIF",96,23,2
"1530","H23_C96_F23_s04_w1.TIF",96,23,1
"1531","H23_C96_F23_s04_w2.TIF",96,23,2
"1532","H23_C96_F23_s05_w2.TIF",96,23,2
"1533","H23_C96_F23_s06_w1.TIF",96,23,1
"1534","H23_C96_F23_s06_w2.TIF",96,23,2
"1535","H23_C96_F23_s07_w1.TIF",96,23,1
"1536","H23_C96_F23_s08_w1.TIF",96,23,1
"1537","H23_C96_F23_s08_w2.TIF",96,23,2
"1538","H23_C96_F23_s10_w1.TIF",96,23,1
"1539","H23_C96_F23_s10_w2.TIF",96,23,2
"1540","H23_C96_F23_s11_w2.TIF",96,23,2
"1541","H23_C96_F23_s12_w1.TIF",96,23,1
"1542","H23_C96_F23_s12_w2.TIF",96,23,2
"1543","H23_C96_F23_s13_w1.TIF",96,23,1
"1544","H23_C96_F23_s14_w1.TIF",96,23,1
"1545","H23_C96_F23_s14_w2.TIF",96,23,2
"1546","H23_C96_F23_s15_w1.TIF",96,23,1
"1547","H23_C96_F23_s15_w2.TIF",96,23,2
"1548","H23_C96_F23_s16_w1.TIF",96,23,1
"1549","H23_C96_F23_s17_w2.TIF",96,23,2
"1550","H23_C96_F23_s18_w1.TIF",96,23,1
"1551","H23_C96_F23_s18_w2.TIF",96,23,2
"1552","H23_C96_F23_s19_w1.TIF",96,23,1
"1553","H23_C96_F23_s20_w1.TIF",96,23,1
"1554","H23_C96_F23_s20_w2.TIF",96,23,2
"1555","H23_C96_F23_s21_w1.TIF",96,23,1
"1556","H23_C96_F23_s21_w2.TIF",96,23,2
"1557","H23_C96_F23_s22_w2.TIF",96,23,2
"1558","H23_C96_F23_s23_w1.TIF",96,23,1
"1559","H23_C96_F23_s24_w1.TIF",96,23,1
"1560","H23_C96_F23_s25_w1.TIF",96,23,1
"1561","H23_C96_F23_s25_w2.TIF",96,23,2
"1562","H24_C100_F23_s01_w1.TIF",100,23,1
"1563","H24_C100_F23_s02_w2.TIF",100,23,2
"1564","H24_C100_F23_s03_w1.TIF",100,23,1
"1565","H24_C100_F23_s04_w1.TIF",100,23,1
"1566","H24_C100_F23_s04_w2.TIF",100,23,2
"1567","H24_C100_F23_s05_w2.TIF",100,23,2
"1568","H24_C100_F23_s06_w1.TIF",100,23,1
"1569","H24_C100_F23_s07_w1.TIF",100,23,1
"1570","H24_C100_F23_s08_w1.TIF",100,23,1
"1571","H24_C100_F23_s08_w2.TIF",100,23,2
"1572","H24_C100_F23_s09_w1.TIF",100,23,1
"1573","H24_C100_F23_s10_w1.TIF",100,23,1
"1574","H24_C100_F23_s10_w2.TIF",100,23,2
"1575","H24_C100_F23_s11_w1.TIF",100,23,1
"1576","H24_C100_F23_s11_w2.TIF",100,23,2
"1577","H24_C100_F23_s12_w1.TIF",100,23,1
"1578","H24_C100_F23_s12_w2.TIF",100,23,2
"1579","H24_C100_F23_s13_w1.TIF",100,23,1
"1580","H24_C100_F23_s14_w1.TIF",100,23,1
"1581","H24_C100_F23_s15_w1.TIF",100,23,1
"1582","H24_C100_F23_s15_w2.TIF",100,23,2
"1583","H24_C100_F23_s16_w1.TIF",100,23,1
"1584","H24_C100_F23_s16_w2.TIF",100,23,2
"1585","H24_C100_F23_s17_w1.TIF",100,23,1
"1586","H24_C100_F23_s17_w2.TIF",100,23,2
"1587","H24_C100_F23_s18_w1.TIF",100,23,1
"1588","H24_C100_F23_s18_w2.TIF",100,23,2
"1589","H24_C100_F23_s19_w1.TIF",100,23,1
"1590","H24_C100_F23_s19_w2.TIF",100,23,2
"1591","H24_C100_F23_s20_w1.TIF",100,23,1
"1592","H24_C100_F23_s20_w2.TIF",100,23,2
"1593","H24_C100_F23_s21_w1.TIF",100,23,1
"1594","H24_C100_F23_s21_w2.TIF",100,23,2
"1595","H24_C100_F23_s22_w1.TIF",100,23,1
"1596","H24_C100_F23_s22_w2.TIF",100,23,2
"1597","H24_C100_F23_s24_w1.TIF",100,23,1
"1598","H24_C100_F23_s24_w2.TIF",100,23,2
"1599","H24_C100_F23_s25_w1.TIF",100,23,1
"1600","H24_C100_F23_s25_w2.TIF",100,23,2
"1601","P01_C1_F48_s01_w1.TIF",1,48,1
"1602","P01_C1_F48_s01_w2.TIF",1,48,2
"1603","P01_C1_F48_s02_w1.TIF",1,48,1
"1604","P01_C1_F48_s02_w2.TIF",1,48,2
"1605","P01_C1_F48_s03_w1.TIF",1,48,1
"1606","P01_C1_F48_s03_w2.TIF",1,48,2
"1607","P01_C1_F48_s04_w1.TIF",1,48,1
"1608","P01_C1_F48_s04_w2.TIF",1,48,2
"1609","P01_C1_F48_s05_w2.TIF",1,48,2
"1610","P01_C1_F48_s06_w1.TIF",1,48,1
"1611","P01_C1_F48_s07_w1.TIF",1,48,1
"1612","P01_C1_F48_s07_w2.TIF",1,48,2
"1613","P01_C1_F48_s08_w2.TIF",1,48,2
"1614","P01_C1_F48_s09_w1.TIF",1,48,1
"1615","P01_C1_F48_s10_w2.TIF",1,48,2
"1616","P01_C1_F48_s11_w1.TIF",1,48,1
"1617","P01_C1_F48_s11_w2.TIF",1,48,2
"1618","P01_C1_F48_s12_w1.TIF",1,48,1
"1619","P01_C1_F48_s12_w2.TIF",1,48,2
"1620","P01_C1_F48_s13_w1.TIF",1,48,1
"1621","P01_C1_F48_s13_w2.TIF",1,48,2
"1622","P01_C1_F48_s14_w1.TIF",1,48,1
"1623","P01_C1_F48_s14_w2.TIF",1,48,2
"1624","P01_C1_F48_s15_w1.TIF",1,48,1
"1625","P01_C1_F48_s17_w2.TIF",1,48,2
"1626","P01_C1_F48_s18_w1.TIF",1,48,1
"1627","P01_C1_F48_s18_w2.TIF",1,48,2
"1628","P01_C1_F48_s19_w1.TIF",1,48,1
"1629","P01_C1_F48_s19_w2.TIF",1,48,2
"1630","P01_C1_F48_s20_w2.TIF",1,48,2
"1631","P01_C1_F48_s21_w1.TIF",1,48,1
"1632","P01_C1_F48_s21_w2.TIF",1,48,2
"1633","P01_C1_F48_s22_w1.TIF",1,48,1
"1634","P01_C1_F48_s22_w2.TIF",1,48,2
"1635","P01_C1_F48_s23_w1.TIF",1,48,1
"1636","P01_C1_F48_s23_w2.TIF",1,48,2
"1637","P01_C1_F48_s24_w1.TIF",1,48,1
"1638","P01_C1_F48_s24_w2.TIF",1,48,2
"1639","P01_C1_F48_s25_w1.TIF",1,48,1
"1640","P01_C1_F48_s25_w2.TIF",1,48,2
"1641","P02_C5_F48_s01_w2.TIF",5,48,2
"1642","P02_C5_F48_s02_w1.TIF",5,48,1
"1643","P02_C5_F48_s02_w2.TIF",5,48,2
"1644","P02_C5_F48_s03_w1.TIF",5,48,1
"1645","P02_C5_F48_s04_w1.TIF",5,48,1
"1646","P02_C5_F48_s06_w2.TIF",5,48,2
"1647","P02_C5_F48_s07_w1.TIF",5,48,1
"1648","P02_C5_F48_s07_w2.TIF",5,48,2
"1649","P02_C5_F48_s08_w1.TIF",5,48,1
"1650","P02_C5_F48_s09_w1.TIF",5,48,1
"1651","P02_C5_F48_s09_w2.TIF",5,48,2
"1652","P02_C5_F48_s10_w1.TIF",5,48,1
"1653","P02_C5_F48_s10_w2.TIF",5,48,2
"1654","P02_C5_F48_s11_w1.TIF",5,48,1
"1655","P02_C5_F48_s12_w1.TIF",5,48,1
"1656","P02_C5_F48_s12_w2.TIF",5,48,2
"1657","P02_C5_F48_s13_w1.TIF",5,48,1
"1658","P02_C5_F48_s13_w2.TIF",5,48,2
"1659","P02_C5_F48_s14_w1.TIF",5,48,1
"1660","P02_C5_F48_s14_w2.TIF",5,48,2
"1661","P02_C5_F48_s15_w1.TIF",5,48,1
"1662","P02_C5_F48_s16_w1.TIF",5,48,1
"1663","P02_C5_F48_s17_w2.TIF",5,48,2
"1664","P02_C5_F48_s19_w1.TIF",5,48,1
"1665","P02_C5_F48_s19_w2.TIF",5,48,2
"1666","P02_C5_F48_s20_w1.TIF",5,48,1
"1667","P02_C5_F48_s20_w2.TIF",5,48,2
"1668","P02_C5_F48_s21_w1.TIF",5,48,1
"1669","P02_C5_F48_s21_w2.TIF",5,48,2
"1670","P02_C5_F48_s22_w1.TIF",5,48,1
"1671","P02_C5_F48_s22_w2.TIF",5,48,2
"1672","P02_C5_F48_s23_w1.TIF",5,48,1
"1673","P02_C5_F48_s24_w2.TIF",5,48,2
"1674","P03_C10_F48_s01_w2.TIF",10,48,2
"1675","P03_C10_F48_s02_w2.TIF",10,48,2
"1676","P03_C10_F48_s03_w1.TIF",10,48,1
"1677","P03_C10_F48_s03_w2.TIF",10,48,2
"1678","P03_C10_F48_s04_w1.TIF",10,48,1
"1679","P03_C10_F48_s04_w2.TIF",10,48,2
"1680","P03_C10_F48_s05_w2.TIF",10,48,2
"1681","P03_C10_F48_s06_w1.TIF",10,48,1
"1682","P03_C10_F48_s06_w2.TIF",10,48,2
"1683","P03_C10_F48_s07_w1.TIF",10,48,1
"1684","P03_C10_F48_s07_w2.TIF",10,48,2
"1685","P03_C10_F48_s08_w1.TIF",10,48,1
"1686","P03_C10_F48_s08_w2.TIF",10,48,2
"1687","P03_C10_F48_s10_w1.TIF",10,48,1
"1688","P03_C10_F48_s10_w2.TIF",10,48,2
"1689","P03_C10_F48_s11_w1.TIF",10,48,1
"1690","P03_C10_F48_s11_w2.TIF",10,48,2
"1691","P03_C10_F48_s12_w1.TIF",10,48,1
"1692","P03_C10_F48_s12_w2.TIF",10,48,2
"1693","P03_C10_F48_s13_w1.TIF",10,48,1
"1694","P03_C10_F48_s14_w1.TIF",10,48,1
"1695","P03_C10_F48_s14_w2.TIF",10,48,2
"1696","P03_C10_F48_s15_w2.TIF",10,48,2
"1697","P03_C10_F48_s17_w1.TIF",10,48,1
"1698","P03_C10_F48_s17_w2.TIF",10,48,2
"1699","P03_C10_F48_s18_w1.TIF",10,48,1
"1700","P03_C10_F48_s19_w1.TIF",10,48,1
"1701","P03_C10_F48_s20_w2.TIF",10,48,2
"1702","P03_C10_F48_s23_w1.TIF",10,48,1
"1703","P03_C10_F48_s23_w2.TIF",10,48,2
"1704","P03_C10_F48_s24_w1.TIF",10,48,1
"1705","P03_C10_F48_s24_w2.TIF",10,48,2
"1706","P03_C10_F48_s25_w1.TIF",10,48,1
"1707","P03_C10_F48_s25_w2.TIF",10,48,2
"1708","P04_C14_F48_s01_w1.TIF",14,48,1
"1709","P04_C14_F48_s01_w2.TIF",14,48,2
"1710","P04_C14_F48_s02_w2.TIF",14,48,2
"1711","P04_C14_F48_s03_w1.TIF",14,48,1
"1712","P04_C14_F48_s03_w2.TIF",14,48,2
"1713","P04_C14_F48_s04_w1.TIF",14,48,1
"1714","P04_C14_F48_s04_w2.TIF",14,48,2
"1715","P04_C14_F48_s05_w1.TIF",14,48,1
"1716","P04_C14_F48_s05_w2.TIF",14,48,2
"1717","P04_C14_F48_s06_w1.TIF",14,48,1
"1718","P04_C14_F48_s06_w2.TIF",14,48,2
"1719","P04_C14_F48_s07_w1.TIF",14,48,1
"1720","P04_C14_F48_s07_w2.TIF",14,48,2
"1721","P04_C14_F48_s08_w1.TIF",14,48,1
"1722","P04_C14_F48_s09_w1.TIF",14,48,1
"1723","P04_C14_F48_s10_w1.TIF",14,48,1
"1724","P04_C14_F48_s10_w2.TIF",14,48,2
"1725","P04_C14_F48_s11_w1.TIF",14,48,1
"1726","P04_C14_F48_s11_w2.TIF",14,48,2
"1727","P04_C14_F48_s12_w2.TIF",14,48,2
"1728","P04_C14_F48_s13_w1.TIF",14,48,1
"1729","P04_C14_F48_s13_w2.TIF",14,48,2
"1730","P04_C14_F48_s14_w2.TIF",14,48,2
"1731","P04_C14_F48_s15_w1.TIF",14,48,1
"1732","P04_C14_F48_s17_w2.TIF",14,48,2
"1733","P04_C14_F48_s18_w1.TIF",14,48,1
"1734","P04_C14_F48_s18_w2.TIF",14,48,2
"1735","P04_C14_F48_s19_w1.TIF",14,48,1
"1736","P04_C14_F48_s20_w1.TIF",14,48,1
"1737","P04_C14_F48_s20_w2.TIF",14,48,2
"1738","P04_C14_F48_s21_w1.TIF",14,48,1
"1739","P04_C14_F48_s22_w1.TIF",14,48,1
"1740","P04_C14_F48_s22_w2.TIF",14,48,2
"1741","P04_C14_F48_s23_w2.TIF",14,48,2
"1742","P04_C14_F48_s24_w1.TIF",14,48,1
"1743","P04_C14_F48_s24_w2.TIF",14,48,2
"1744","P05_C18_F48_s02_w1.TIF",18,48,1
"1745","P05_C18_F48_s02_w2.TIF",18,48,2
"1746","P05_C18_F48_s03_w1.TIF",18,48,1
"1747","P05_C18_F48_s03_w2.TIF",18,48,2
"1748","P05_C18_F48_s04_w2.TIF",18,48,2
"1749","P05_C18_F48_s06_w1.TIF",18,48,1
"1750","P05_C18_F48_s06_w2.TIF",18,48,2
"1751","P05_C18_F48_s07_w1.TIF",18,48,1
"1752","P05_C18_F48_s07_w2.TIF",18,48,2
"1753","P05_C18_F48_s08_w1.TIF",18,48,1
"1754","P05_C18_F48_s08_w2.TIF",18,48,2
"1755","P05_C18_F48_s09_w1.TIF",18,48,1
"1756","P05_C18_F48_s09_w2.TIF",18,48,2
"1757","P05_C18_F48_s10_w1.TIF",18,48,1
"1758","P05_C18_F48_s10_w2.TIF",18,48,2
"1759","P05_C18_F48_s11_w1.TIF",18,48,1
"1760","P05_C18_F48_s11_w2.TIF",18,48,2
"1761","P05_C18_F48_s12_w1.TIF",18,48,1
"1762","P05_C18_F48_s13_w1.TIF",18,48,1
"1763","P05_C18_F48_s13_w2.TIF",18,48,2
"1764","P05_C18_F48_s14_w1.TIF",18,48,1
"1765","P05_C18_F48_s14_w2.TIF",18,48,2
"1766","P05_C18_F48_s16_w1.TIF",18,48,1
"1767","P05_C18_F48_s16_w2.TIF",18,48,2
"1768","P05_C18_F48_s17_w1.TIF",18,48,1
"1769","P05_C18_F48_s17_w2.TIF",18,48,2
"1770","P05_C18_F48_s18_w1.TIF",18,48,1
"1771","P05_C18_F48_s19_w1.TIF",18,48,1
"1772","P05_C18_F48_s20_w1.TIF",18,48,1
"1773","P05_C18_F48_s22_w1.TIF",18,48,1
"1774","P05_C18_F48_s22_w2.TIF",18,48,2
"1775","P05_C18_F48_s23_w1.TIF",18,48,1
"1776","P05_C18_F48_s24_w1.TIF",18,48,1
"1777","P05_C18_F48_s24_w2.TIF",18,48,2
"1778","P05_C18_F48_s25_w1.TIF",18,48,1
"1779","P05_C18_F48_s25_w2.TIF",18,48,2
"1780","P06_C23_F48_s01_w1.TIF",23,48,1
"1781","P06_C23_F48_s02_w1.TIF",23,48,1
"1782","P06_C23_F48_s02_w2.TIF",23,48,2
"1783","P06_C23_F48_s03_w2.TIF",23,48,2
"1784","P06_C23_F48_s04_w1.TIF",23,48,1
"1785","P06_C23_F48_s04_w2.TIF",23,48,2
"1786","P06_C23_F48_s05_w1.TIF",23,48,1
"1787","P06_C23_F48_s06_w1.TIF",23,48,1
"1788","P06_C23_F48_s06_w2.TIF",23,48,2
"1789","P06_C23_F48_s08_w2.TIF",23,48,2
"1790","P06_C23_F48_s09_w2.TIF",23,48,2
"1791","P06_C23_F48_s10_w2.TIF",23,48,2
"1792","P06_C23_F48_s11_w1.TIF",23,48,1
"1793","P06_C23_F48_s11_w2.TIF",23,48,2
"1794","P06_C23_F48_s12_w1.TIF",23,48,1
"1795","P06_C23_F48_s12_w2.TIF",23,48,2
"1796","P06_C23_F48_s13_w1.TIF",23,48,1
"1797","P06_C23_F48_s14_w2.TIF",23,48,2
"1798","P06_C23_F48_s15_w1.TIF",23,48,1
"1799","P06_C23_F48_s15_w2.TIF",23,48,2
"1800","P06_C23_F48_s16_w2.TIF",23,48,2
"1801","P06_C23_F48_s17_w1.TIF",23,48,1
"1802","P06_C23_F48_s17_w2.TIF",23,48,2
"1803","P06_C23_F48_s18_w2.TIF",23,48,2
"1804","P06_C23_F48_s19_w1.TIF",23,48,1
"1805","P06_C23_F48_s20_w1.TIF",23,48,1
"1806","P06_C23_F48_s21_w1.TIF",23,48,1
"1807","P06_C23_F48_s24_w1.TIF",23,48,1
"1808","P06_C23_F48_s24_w2.TIF",23,48,2
"1809","P06_C23_F48_s25_w1.TIF",23,48,1
"1810","P06_C23_F48_s25_w2.TIF",23,48,2
"1811","P07_C27_F48_s02_w2.TIF",27,48,2
"1812","P07_C27_F48_s03_w1.TIF",27,48,1
"1813","P07_C27_F48_s03_w2.TIF",27,48,2
"1814","P07_C27_F48_s04_w1.TIF",27,48,1
"1815","P07_C27_F48_s04_w2.TIF",27,48,2
"1816","P07_C27_F48_s05_w1.TIF",27,48,1
"1817","P07_C27_F48_s06_w1.TIF",27,48,1
"1818","P07_C27_F48_s07_w1.TIF",27,48,1
"1819","P07_C27_F48_s07_w2.TIF",27,48,2
"1820","P07_C27_F48_s08_w2.TIF",27,48,2
"1821","P07_C27_F48_s11_w1.TIF",27,48,1
"1822","P07_C27_F48_s12_w1.TIF",27,48,1
"1823","P07_C27_F48_s12_w2.TIF",27,48,2
"1824","P07_C27_F48_s13_w2.TIF",27,48,2
"1825","P07_C27_F48_s14_w2.TIF",27,48,2
"1826","P07_C27_F48_s15_w1.TIF",27,48,1
"1827","P07_C27_F48_s16_w1.TIF",27,48,1
"1828","P07_C27_F48_s16_w2.TIF",27,48,2
"1829","P07_C27_F48_s17_w1.TIF",27,48,1
"1830","P07_C27_F48_s17_w2.TIF",27,48,2
"1831","P07_C27_F48_s18_w1.TIF",27,48,1
"1832","P07_C27_F48_s18_w2.TIF",27,48,2
"1833","P07_C27_F48_s19_w1.TIF",27,48,1
"1834","P07_C27_F48_s19_w2.TIF",27,48,2
"1835","P07_C27_F48_s20_w2.TIF",27,48,2
"1836","P07_C27_F48_s23_w2.TIF",27,48,2
"1837","P07_C27_F48_s24_w2.TIF",27,48,2
"1838","P07_C27_F48_s25_w1.TIF",27,48,1
"1839","P07_C27_F48_s25_w2.TIF",27,48,2
"1840","P08_C31_F48_s01_w1.TIF",31,48,1
"1841","P08_C31_F48_s01_w2.TIF",31,48,2
"1842","P08_C31_F48_s03_w1.TIF",31,48,1
"1843","P08_C31_F48_s04_w1.TIF",31,48,1
"1844","P08_C31_F48_s04_w2.TIF",31,48,2
"1845","P08_C31_F48_s06_w1.TIF",31,48,1
"1846","P08_C31_F48_s06_w2.TIF",31,48,2
"1847","P08_C31_F48_s07_w1.TIF",31,48,1
"1848","P08_C31_F48_s07_w2.TIF",31,48,2
"1849","P08_C31_F48_s08_w2.TIF",31,48,2
"1850","P08_C31_F48_s09_w1.TIF",31,48,1
"1851","P08_C31_F48_s10_w1.TIF",31,48,1
"1852","P08_C31_F48_s10_w2.TIF",31,48,2
"1853","P08_C31_F48_s11_w1.TIF",31,48,1
"1854","P08_C31_F48_s11_w2.TIF",31,48,2
"1855","P08_C31_F48_s12_w1.TIF",31,48,1
"1856","P08_C31_F48_s12_w2.TIF",31,48,2
"1857","P08_C31_F48_s13_w2.TIF",31,48,2
"1858","P08_C31_F48_s14_w1.TIF",31,48,1
"1859","P08_C31_F48_s14_w2.TIF",31,48,2
"1860","P08_C31_F48_s16_w1.TIF",31,48,1
"1861","P08_C31_F48_s16_w2.TIF",31,48,2
"1862","P08_C31_F48_s17_w1.TIF",31,48,1
"1863","P08_C31_F48_s17_w2.TIF",31,48,2
"1864","P08_C31_F48_s18_w2.TIF",31,48,2
"1865","P08_C31_F48_s20_w1.TIF",31,48,1
"1866","P08_C31_F48_s20_w2.TIF",31,48,2
"1867","P08_C31_F48_s21_w1.TIF",31,48,1
"1868","P08_C31_F48_s21_w2.TIF",31,48,2
"1869","P08_C31_F48_s22_w1.TIF",31,48,1
"1870","P08_C31_F48_s23_w1.TIF",31,48,1
"1871","P08_C31_F48_s24_w1.TIF",31,48,1
"1872","P08_C31_F48_s24_w2.TIF",31,48,2
"1873","P09_C35_F48_s01_w1.TIF",35,48,1
"1874","P09_C35_F48_s02_w2.TIF",35,48,2
"1875","P09_C35_F48_s03_w1.TIF",35,48,1
"1876","P09_C35_F48_s04_w2.TIF",35,48,2
"1877","P09_C35_F48_s05_w1.TIF",35,48,1
"1878","P09_C35_F48_s05_w2.TIF",35,48,2
"1879","P09_C35_F48_s06_w1.TIF",35,48,1
"1880","P09_C35_F48_s08_w1.TIF",35,48,1
"1881","P09_C35_F48_s08_w2.TIF",35,48,2
"1882","P09_C35_F48_s09_w1.TIF",35,48,1
"1883","P09_C35_F48_s09_w2.TIF",35,48,2
"1884","P09_C35_F48_s10_w1.TIF",35,48,1
"1885","P09_C35_F48_s11_w1.TIF",35,48,1
"1886","P09_C35_F48_s11_w2.TIF",35,48,2
"1887","P09_C35_F48_s12_w1.TIF",35,48,1
"1888","P09_C35_F48_s13_w1.TIF",35,48,1
"1889","P09_C35_F48_s13_w2.TIF",35,48,2
"1890","P09_C35_F48_s14_w2.TIF",35,48,2
"1891","P09_C35_F48_s15_w1.TIF",35,48,1
"1892","P09_C35_F48_s15_w2.TIF",35,48,2
"1893","P09_C35_F48_s16_w1.TIF",35,48,1
"1894","P09_C35_F48_s16_w2.TIF",35,48,2
"1895","P09_C35_F48_s17_w1.TIF",35,48,1
"1896","P09_C35_F48_s17_w2.TIF",35,48,2
"1897","P09_C35_F48_s18_w1.TIF",35,48,1
"1898","P09_C35_F48_s19_w1.TIF",35,48,1
"1899","P09_C35_F48_s19_w2.TIF",35,48,2
"1900","P09_C35_F48_s20_w1.TIF",35,48,1
"1901","P09_C35_F48_s20_w2.TIF",35,48,2
"1902","P09_C35_F48_s21_w1.TIF",35,48,1
"1903","P09_C35_F48_s21_w2.TIF",35,48,2
"1904","P09_C35_F48_s22_w1.TIF",35,48,1
"1905","P09_C35_F48_s23_w2.TIF",35,48,2
"1906","P09_C35_F48_s24_w2.TIF",35,48,2
"1907","P09_C35_F48_s25_w2.TIF",35,48,2
"1908","P10_C40_F48_s01_w1.TIF",40,48,1
"1909","P10_C40_F48_s03_w1.TIF",40,48,1
"1910","P10_C40_F48_s04_w1.TIF",40,48,1
"1911","P10_C40_F48_s04_w2.TIF",40,48,2
"1912","P10_C40_F48_s05_w1.TIF",40,48,1
"1913","P10_C40_F48_s05_w2.TIF",40,48,2
"1914","P10_C40_F48_s06_w1.TIF",40,48,1
"1915","P10_C40_F48_s06_w2.TIF",40,48,2
"1916","P10_C40_F48_s07_w1.TIF",40,48,1
"1917","P10_C40_F48_s07_w2.TIF",40,48,2
"1918","P10_C40_F48_s08_w1.TIF",40,48,1
"1919","P10_C40_F48_s08_w2.TIF",40,48,2
"1920","P10_C40_F48_s09_w1.TIF",40,48,1
"1921","P10_C40_F48_s09_w2.TIF",40,48,2
"1922","P10_C40_F48_s11_w1.TIF",40,48,1
"1923","P10_C40_F48_s11_w2.TIF",40,48,2
"1924","P10_C40_F48_s12_w1.TIF",40,48,1
"1925","P10_C40_F48_s12_w2.TIF",40,48,2
"1926","P10_C40_F48_s13_w1.TIF",40,48,1
"1927","P10_C40_F48_s13_w2.TIF",40,48,2
"1928","P10_C40_F48_s14_w1.TIF",40,48,1
"1929","P10_C40_F48_s14_w2.TIF",40,48,2
"1930","P10_C40_F48_s15_w1.TIF",40,48,1
"1931","P10_C40_F48_s16_w2.TIF",40,48,2
"1932","P10_C40_F48_s17_w2.TIF",40,48,2
"1933","P10_C40_F48_s19_w1.TIF",40,48,1
"1934","P10_C40_F48_s19_w2.TIF",40,48,2
"1935","P10_C40_F48_s20_w1.TIF",40,48,1
"1936","P10_C40_F48_s20_w2.TIF",40,48,2
"1937","P10_C40_F48_s22_w2.TIF",40,48,2
"1938","P10_C40_F48_s23_w1.TIF",40,48,1
"1939","P10_C40_F48_s24_w1.TIF",40,48,1
"1940","P10_C40_F48_s25_w1.TIF",40,48,1
"1941","P10_C40_F48_s25_w2.TIF",40,48,2
"1942","P11_C44_F48_s01_w2.TIF",44,48,2
"1943","P11_C44_F48_s02_w1.TIF",44,48,1
"1944","P11_C44_F48_s03_w2.TIF",44,48,2
"1945","P11_C44_F48_s04_w1.TIF",44,48,1
"1946","P11_C44_F48_s04_w2.TIF",44,48,2
"1947","P11_C44_F48_s05_w2.TIF",44,48,2
"1948","P11_C44_F48_s06_w1.TIF",44,48,1
"1949","P11_C44_F48_s06_w2.TIF",44,48,2
"1950","P11_C44_F48_s07_w1.TIF",44,48,1
"1951","P11_C44_F48_s08_w2.TIF",44,48,2
"1952","P11_C44_F48_s09_w1.TIF",44,48,1
"1953","P11_C44_F48_s09_w2.TIF",44,48,2
"1954","P11_C44_F48_s10_w1.TIF",44,48,1
"1955","P11_C44_F48_s10_w2.TIF",44,48,2
"1956","P11_C44_F48_s11_w1.TIF",44,48,1
"1957","P11_C44_F48_s11_w2.TIF",44,48,2
"1958","P11_C44_F48_s12_w1.TIF",44,48,1
"1959","P11_C44_F48_s12_w2.TIF",44,48,2
"1960","P11_C44_F48_s13_w1.TIF",44,48,1
"1961","P11_C44_F48_s13_w2.TIF",44,48,2
"1962","P11_C44_F48_s14_w1.TIF",44,48,1
"1963","P11_C44_F48_s15_w1.TIF",44,48,1
"1964","P11_C44_F48_s15_w2.TIF",44,48,2
"1965","P11_C44_F48_s16_w1.TIF",44,48,1
"1966","P11_C44_F48_s16_w2.TIF",44,48,2
"1967","P11_C44_F48_s17_w1.TIF",44,48,1
"1968","P11_C44_F48_s18_w1.TIF",44,48,1
"1969","P11_C44_F48_s18_w2.TIF",44,48,2
"1970","P11_C44_F48_s19_w2.TIF",44,48,2
"1971","P11_C44_F48_s20_w1.TIF",44,48,1
"1972","P11_C44_F48_s20_w2.TIF",44,48,2
"1973","P11_C44_F48_s22_w1.TIF",44,48,1
"1974","P11_C44_F48_s23_w1.TIF",44,48,1
"1975","P11_C44_F48_s25_w1.TIF",44,48,1
"1976","P11_C44_F48_s25_w2.TIF",44,48,2
"1977","P12_C48_F48_s01_w1.TIF",48,48,1
"1978","P12_C48_F48_s02_w1.TIF",48,48,1
"1979","P12_C48_F48_s02_w2.TIF",48,48,2
"1980","P12_C48_F48_s03_w1.TIF",48,48,1
"1981","P12_C48_F48_s03_w2.TIF",48,48,2
"1982","P12_C48_F48_s04_w2.TIF",48,48,2
"1983","P12_C48_F48_s05_w2.TIF",48,48,2
"1984","P12_C48_F48_s06_w1.TIF",48,48,1
"1985","P12_C48_F48_s07_w1.TIF",48,48,1
"1986","P12_C48_F48_s07_w2.TIF",48,48,2
"1987","P12_C48_F48_s08_w2.TIF",48,48,2
"1988","P12_C48_F48_s09_w1.TIF",48,48,1
"1989","P12_C48_F48_s09_w2.TIF",48,48,2
"1990","P12_C48_F48_s10_w2.TIF",48,48,2
"1991","P12_C48_F48_s11_w1.TIF",48,48,1
"1992","P12_C48_F48_s11_w2.TIF",48,48,2
"1993","P12_C48_F48_s13_w1.TIF",48,48,1
"1994","P12_C48_F48_s13_w2.TIF",48,48,2
"1995","P12_C48_F48_s14_w2.TIF",48,48,2
"1996","P12_C48_F48_s15_w1.TIF",48,48,1
"1997","P12_C48_F48_s16_w1.TIF",48,48,1
"1998","P12_C48_F48_s16_w2.TIF",48,48,2
"1999","P12_C48_F48_s17_w1.TIF",48,48,1
"2000","P12_C48_F48_s17_w2.TIF",48,48,2
"2001","P12_C48_F48_s18_w1.TIF",48,48,1
"2002","P12_C48_F48_s18_w2.TIF",48,48,2
"2003","P12_C48_F48_s19_w1.TIF",48,48,1
"2004","P12_C48_F48_s20_w2.TIF",48,48,2
"2005","P12_C48_F48_s21_w1.TIF",48,48,1
"2006","P12_C48_F48_s22_w2.TIF",48,48,2
"2007","P12_C48_F48_s23_w2.TIF",48,48,2
"2008","P12_C48_F48_s25_w1.TIF",48,48,1
"2009","P12_C48_F48_s25_w2.TIF",48,48,2
"2010","P13_C53_F48_s01_w2.TIF",53,48,2
"2011","P13_C53_F48_s02_w1.TIF",53,48,1
"2012","P13_C53_F48_s02_w2.TIF",53,48,2
"2013","P13_C53_F48_s03_w2.TIF",53,48,2
"2014","P13_C53_F48_s04_w1.TIF",53,48,1
"2015","P13_C53_F48_s04_w2.TIF",53,48,2
"2016","P13_C53_F48_s05_w1.TIF",53,48,1
"2017","P13_C53_F48_s06_w2.TIF",53,48,2
"2018","P13_C53_F48_s07_w1.TIF",53,48,1
"2019","P13_C53_F48_s08_w1.TIF",53,48,1
"2020","P13_C53_F48_s08_w2.TIF",53,48,2
"2021","P13_C53_F48_s09_w1.TIF",53,48,1
"2022","P13_C53_F48_s09_w2.TIF",53,48,2
"2023","P13_C53_F48_s10_w1.TIF",53,48,1
"2024","P13_C53_F48_s10_w2.TIF",53,48,2
"2025","P13_C53_F48_s11_w1.TIF",53,48,1
"2026","P13_C53_F48_s11_w2.TIF",53,48,2
"2027","P13_C53_F48_s13_w1.TIF",53,48,1
"2028","P13_C53_F48_s14_w1.TIF",53,48,1
"2029","P13_C53_F48_s15_w1.TIF",53,48,1
"2030","P13_C53_F48_s15_w2.TIF",53,48,2
"2031","P13_C53_F48_s16_w1.TIF",53,48,1
"2032","P13_C53_F48_s17_w1.TIF",53,48,1
"2033","P13_C53_F48_s18_w1.TIF",53,48,1
"2034","P13_C53_F48_s18_w2.TIF",53,48,2
"2035","P13_C53_F48_s19_w1.TIF",53,48,1
"2036","P13_C53_F48_s20_w2.TIF",53,48,2
"2037","P13_C53_F48_s21_w1.TIF",53,48,1
"2038","P13_C53_F48_s22_w1.TIF",53,48,1
"2039","P13_C53_F48_s22_w2.TIF",53,48,2
"2040","P13_C53_F48_s23_w1.TIF",53,48,1
"2041","P13_C53_F48_s23_w2.TIF",53,48,2
"2042","P13_C53_F48_s24_w1.TIF",53,48,1
"2043","P13_C53_F48_s24_w2.TIF",53,48,2
"2044","P13_C53_F48_s25_w2.TIF",53,48,2
"2045","P14_C57_F48_s01_w2.TIF",57,48,2
"2046","P14_C57_F48_s02_w2.TIF",57,48,2
"2047","P14_C57_F48_s03_w1.TIF",57,48,1
"2048","P14_C57_F48_s04_w1.TIF",57,48,1
"2049","P14_C57_F48_s04_w2.TIF",57,48,2
"2050","P14_C57_F48_s05_w1.TIF",57,48,1
"2051","P14_C57_F48_s05_w2.TIF",57,48,2
"2052","P14_C57_F48_s06_w2.TIF",57,48,2
"2053","P14_C57_F48_s08_w2.TIF",57,48,2
"2054","P14_C57_F48_s09_w1.TIF",57,48,1
"2055","P14_C57_F48_s09_w2.TIF",57,48,2
"2056","P14_C57_F48_s11_w2.TIF",57,48,2
"2057","P14_C57_F48_s12_w1.TIF",57,48,1
"2058","P14_C57_F48_s12_w2.TIF",57,48,2
"2059","P14_C57_F48_s13_w2.TIF",57,48,2
"2060","P14_C57_F48_s14_w1.TIF",57,48,1
"2061","P14_C57_F48_s14_w2.TIF",57,48,2
"2062","P14_C57_F48_s15_w1.TIF",57,48,1
"2063","P14_C57_F48_s15_w2.TIF",57,48,2
"2064","P14_C57_F48_s16_w1.TIF",57,48,1
"2065","P14_C57_F48_s17_w1.TIF",57,48,1
"2066","P14_C57_F48_s18_w1.TIF",57,48,1
"2067","P14_C57_F48_s19_w1.TIF",57,48,1
"2068","P14_C57_F48_s21_w1.TIF",57,48,1
"2069","P14_C57_F48_s21_w2.TIF",57,48,2
"2070","P14_C57_F48_s22_w1.TIF",57,48,1
"2071","P14_C57_F48_s22_w2.TIF",57,48,2
"2072","P14_C57_F48_s23_w1.TIF",57,48,1
"2073","P14_C57_F48_s24_w1.TIF",57,48,1
"2074","P14_C57_F48_s24_w2.TIF",57,48,2
"2075","P14_C57_F48_s25_w1.TIF",57,48,1
"2076","P15_C61_F48_s01_w2.TIF",61,48,2
"2077","P15_C61_F48_s02_w1.TIF",61,48,1
"2078","P15_C61_F48_s02_w2.TIF",61,48,2
"2079","P15_C61_F48_s03_w1.TIF",61,48,1
"2080","P15_C61_F48_s05_w1.TIF",61,48,1
"2081","P15_C61_F48_s05_w2.TIF",61,48,2
"2082","P15_C61_F48_s06_w2.TIF",61,48,2
"2083","P15_C61_F48_s07_w1.TIF",61,48,1
"2084","P15_C61_F48_s08_w2.TIF",61,48,2
"2085","P15_C61_F48_s09_w2.TIF",61,48,2
"2086","P15_C61_F48_s10_w2.TIF",61,48,2
"2087","P15_C61_F48_s11_w1.TIF",61,48,1
"2088","P15_C61_F48_s12_w1.TIF",61,48,1
"2089","P15_C61_F48_s12_w2.TIF",61,48,2
"2090","P15_C61_F48_s13_w1.TIF",61,48,1
"2091","P15_C61_F48_s13_w2.TIF",61,48,2
"2092","P15_C61_F48_s15_w2.TIF",61,48,2
"2093","P15_C61_F48_s16_w1.TIF",61,48,1
"2094","P15_C61_F48_s18_w1.TIF",61,48,1
"2095","P15_C61_F48_s18_w2.TIF",61,48,2
"2096","P15_C61_F48_s19_w1.TIF",61,48,1
"2097","P15_C61_F48_s19_w2.TIF",61,48,2
"2098","P15_C61_F48_s20_w1.TIF",61,48,1
"2099","P15_C61_F48_s21_w2.TIF",61,48,2
"2100","P15_C61_F48_s22_w1.TIF",61,48,1
"2101","P15_C61_F48_s22_w2.TIF",61,48,2
"2102","P15_C61_F48_s23_w2.TIF",61,48,2
"2103","P15_C61_F48_s24_w1.TIF",61,48,1
"2104","P15_C61_F48_s24_w2.TIF",61,48,2
"2105","P16_C66_F48_s01_w1.TIF",66,48,1
"2106","P16_C66_F48_s01_w2.TIF",66,48,2
"2107","P16_C66_F48_s02_w1.TIF",66,48,1
"2108","P16_C66_F48_s02_w2.TIF",66,48,2
"2109","P16_C66_F48_s03_w2.TIF",66,48,2
"2110","P16_C66_F48_s04_w1.TIF",66,48,1
"2111","P16_C66_F48_s04_w2.TIF",66,48,2
"2112","P16_C66_F48_s07_w1.TIF",66,48,1
"2113","P16_C66_F48_s07_w2.TIF",66,48,2
"2114","P16_C66_F48_s08_w2.TIF",66,48,2
"2115","P16_C66_F48_s09_w1.TIF",66,48,1
"2116","P16_C66_F48_s10_w2.TIF",66,48,2
"2117","P16_C66_F48_s11_w1.TIF",66,48,1
"2118","P16_C66_F48_s11_w2.TIF",66,48,2
"2119","P16_C66_F48_s13_w1.TIF",66,48,1
"2120","P16_C66_F48_s14_w1.TIF",66,48,1
"2121","P16_C66_F48_s14_w2.TIF",66,48,2
"2122","P16_C66_F48_s15_w1.TIF",66,48,1
"2123","P16_C66_F48_s15_w2.TIF",66,48,2
"2124","P16_C66_F48_s16_w1.TIF",66,48,1
"2125","P16_C66_F48_s16_w2.TIF",66,48,2
"2126","P16_C66_F48_s17_w1.TIF",66,48,1
"2127","P16_C66_F48_s17_w2.TIF",66,48,2
"2128","P16_C66_F48_s18_w1.TIF",66,48,1
"2129","P16_C66_F48_s18_w2.TIF",66,48,2
"2130","P16_C66_F48_s19_w1.TIF",66,48,1
"2131","P16_C66_F48_s19_w2.TIF",66,48,2
"2132","P16_C66_F48_s20_w1.TIF",66,48,1
"2133","P16_C66_F48_s20_w2.TIF",66,48,2
"2134","P16_C66_F48_s22_w1.TIF",66,48,1
"2135","P16_C66_F48_s22_w2.TIF",66,48,2
"2136","P16_C66_F48_s23_w2.TIF",66,48,2
"2137","P16_C66_F48_s24_w1.TIF",66,48,1
"2138","P16_C66_F48_s24_w2.TIF",66,48,2
"2139","P16_C66_F48_s25_w2.TIF",66,48,2
"2140","P17_C70_F48_s01_w1.TIF",70,48,1
"2141","P17_C70_F48_s02_w2.TIF",70,48,2
"2142","P17_C70_F48_s03_w1.TIF",70,48,1
"2143","P17_C70_F48_s03_w2.TIF",70,48,2
"2144","P17_C70_F48_s05_w1.TIF",70,48,1
"2145","P17_C70_F48_s06_w2.TIF",70,48,2
"2146","P17_C70_F48_s07_w2.TIF",70,48,2
"2147","P17_C70_F48_s08_w1.TIF",70,48,1
"2148","P17_C70_F48_s08_w2.TIF",70,48,2
"2149","P17_C70_F48_s09_w2.TIF",70,48,2
"2150","P17_C70_F48_s10_w2.TIF",70,48,2
"2151","P17_C70_F48_s11_w1.TIF",70,48,1
"2152","P17_C70_F48_s11_w2.TIF",70,48,2
"2153","P17_C70_F48_s12_w1.TIF",70,48,1
"2154","P17_C70_F48_s12_w2.TIF",70,48,2
"2155","P17_C70_F48_s13_w1.TIF",70,48,1
"2156","P17_C70_F48_s13_w2.TIF",70,48,2
"2157","P17_C70_F48_s14_w1.TIF",70,48,1
"2158","P17_C70_F48_s15_w2.TIF",70,48,2
"2159","P17_C70_F48_s16_w2.TIF",70,48,2
"2160","P17_C70_F48_s17_w2.TIF",70,48,2
"2161","P17_C70_F48_s18_w1.TIF",70,48,1
"2162","P17_C70_F48_s19_w2.TIF",70,48,2
"2163","P17_C70_F48_s20_w1.TIF",70,48,1
"2164","P17_C70_F48_s20_w2.TIF",70,48,2
"2165","P17_C70_F48_s21_w1.TIF",70,48,1
"2166","P17_C70_F48_s22_w2.TIF",70,48,2
"2167","P17_C70_F48_s23_w2.TIF",70,48,2
"2168","P17_C70_F48_s24_w2.TIF",70,48,2
"2169","P17_C70_F48_s25_w1.TIF",70,48,1
"2170","P17_C70_F48_s25_w2.TIF",70,48,2
"2171","P18_C74_F48_s01_w2.TIF",74,48,2
"2172","P18_C74_F48_s02_w1.TIF",74,48,1
"2173","P18_C74_F48_s04_w1.TIF",74,48,1
"2174","P18_C74_F48_s04_w2.TIF",74,48,2
"2175","P18_C74_F48_s05_w2.TIF",74,48,2
"2176","P18_C74_F48_s06_w2.TIF",74,48,2
"2177","P18_C74_F48_s07_w1.TIF",74,48,1
"2178","P18_C74_F48_s07_w2.TIF",74,48,2
"2179","P18_C74_F48_s08_w2.TIF",74,48,2
"2180","P18_C74_F48_s09_w2.TIF",74,48,2
"2181","P18_C74_F48_s10_w1.TIF",74,48,1
"2182","P18_C74_F48_s10_w2.TIF",74,48,2
"2183","P18_C74_F48_s11_w1.TIF",74,48,1
"2184","P18_C74_F48_s12_w1.TIF",74,48,1
"2185","P18_C74_F48_s13_w1.TIF",74,48,1
"2186","P18_C74_F48_s13_w2.TIF",74,48,2
"2187","P18_C74_F48_s14_w1.TIF",74,48,1
"2188","P18_C74_F48_s14_w2.TIF",74,48,2
"2189","P18_C74_F48_s15_w1.TIF",74,48,1
"2190","P18_C74_F48_s15_w2.TIF",74,48,2
"2191","P18_C74_F48_s16_w2.TIF",74,48,2
"2192","P18_C74_F48_s17_w1.TIF",74,48,1
"2193","P18_C74_F48_s17_w2.TIF",74,48,2
"2194","P18_C74_F48_s18_w1.TIF",74,48,1
"2195","P18_C74_F48_s18_w2.TIF",74,48,2
"2196","P18_C74_F48_s19_w1.TIF",74,48,1
"2197","P18_C74_F48_s19_w2.TIF",74,48,2
"2198","P18_C74_F48_s20_w1.TIF",74,48,1
"2199","P18_C74_F48_s20_w2.TIF",74,48,2
"2200","P18_C74_F48_s21_w1.TIF",74,48,1
"2201","P18_C74_F48_s21_w2.TIF",74,48,2
"2202","P18_C74_F48_s22_w2.TIF",74,48,2
"2203","P18_C74_F48_s23_w1.TIF",74,48,1
"2204","P18_C74_F48_s24_w1.TIF",74,48,1
"2205","P18_C74_F48_s24_w2.TIF",74,48,2
"2206","P18_C74_F48_s25_w1.TIF",74,48,1
"2207","P19_C78_F48_s01_w1.TIF",78,48,1
"2208","P19_C78_F48_s02_w1.TIF",78,48,1
"2209","P19_C78_F48_s03_w1.TIF",78,48,1
"2210","P19_C78_F48_s04_w1.TIF",78,48,1
"2211","P19_C78_F48_s04_w2.TIF",78,48,2
"2212","P19_C78_F48_s05_w1.TIF",78,48,1
"2213","P19_C78_F48_s06_w1.TIF",78,48,1
"2214","P19_C78_F48_s06_w2.TIF",78,48,2
"2215","P19_C78_F48_s07_w2.TIF",78,48,2
"2216","P19_C78_F48_s08_w1.TIF",78,48,1
"2217","P19_C78_F48_s08_w2.TIF",78,48,2
"2218","P19_C78_F48_s09_w1.TIF",78,48,1
"2219","P19_C78_F48_s10_w1.TIF",78,48,1
"2220","P19_C78_F48_s12_w1.TIF",78,48,1
"2221","P19_C78_F48_s12_w2.TIF",78,48,2
"2222","P19_C78_F48_s15_w1.TIF",78,48,1
"2223","P19_C78_F48_s15_w2.TIF",78,48,2
"2224","P19_C78_F48_s16_w1.TIF",78,48,1
"2225","P19_C78_F48_s17_w1.TIF",78,48,1
"2226","P19_C78_F48_s18_w1.TIF",78,48,1
"2227","P19_C78_F48_s18_w2.TIF",78,48,2
"2228","P19_C78_F48_s19_w1.TIF",78,48,1
"2229","P19_C78_F48_s19_w2.TIF",78,48,2
"2230","P19_C78_F48_s20_w1.TIF",78,48,1
"2231","P19_C78_F48_s20_w2.TIF",78,48,2
"2232","P19_C78_F48_s21_w1.TIF",78,48,1
"2233","P19_C78_F48_s23_w2.TIF",78,48,2
"2234","P19_C78_F48_s24_w1.TIF",78,48,1
"2235","P19_C78_F48_s25_w1.TIF",78,48,1
"2236","P19_C78_F48_s25_w2.TIF",78,48,2
"2237","P20_C83_F48_s01_w1.TIF",83,48,1
"2238","P20_C83_F48_s01_w2.TIF",83,48,2
"2239","P20_C83_F48_s02_w2.TIF",83,48,2
"2240","P20_C83_F48_s03_w2.TIF",83,48,2
"2241","P20_C83_F48_s04_w2.TIF",83,48,2
"2242","P20_C83_F48_s05_w1.TIF",83,48,1
"2243","P20_C83_F48_s06_w1.TIF",83,48,1
"2244","P20_C83_F48_s07_w1.TIF",83,48,1
"2245","P20_C83_F48_s07_w2.TIF",83,48,2
"2246","P20_C83_F48_s08_w1.TIF",83,48,1
"2247","P20_C83_F48_s11_w2.TIF",83,48,2
"2248","P20_C83_F48_s12_w1.TIF",83,48,1
"2249","P20_C83_F48_s12_w2.TIF",83,48,2
"2250","P20_C83_F48_s13_w1.TIF",83,48,1
"2251","P20_C83_F48_s14_w2.TIF",83,48,2
"2252","P20_C83_F48_s15_w1.TIF",83,48,1
"2253","P20_C83_F48_s15_w2.TIF",83,48,2
"2254","P20_C83_F48_s16_w1.TIF",83,48,1
"2255","P20_C83_F48_s17_w2.TIF",83,48,2
"2256","P20_C83_F48_s18_w1.TIF",83,48,1
"2257","P20_C83_F48_s18_w2.TIF",83,48,2
"2258","P20_C83_F48_s19_w1.TIF",83,48,1
"2259","P20_C83_F48_s19_w2.TIF",83,48,2
"2260","P20_C83_F48_s20_w1.TIF",83,48,1
"2261","P20_C83_F48_s21_w1.TIF",83,48,1
"2262","P20_C83_F48_s21_w2.TIF",83,48,2
"2263","P20_C83_F48_s22_w1.TIF",83,48,1
"2264","P20_C83_F48_s22_w2.TIF",83,48,2
"2265","P20_C83_F48_s23_w1.TIF",83,48,1
"2266","P20_C83_F48_s24_w1.TIF",83,48,1
"2267","P20_C83_F48_s24_w2.TIF",83,48,2
"2268","P20_C83_F48_s25_w1.TIF",83,48,1
"2269","P21_C87_F48_s02_w1.TIF",87,48,1
"2270","P21_C87_F48_s03_w1.TIF",87,48,1
"2271","P21_C87_F48_s04_w1.TIF",87,48,1
"2272","P21_C87_F48_s05_w1.TIF",87,48,1
"2273","P21_C87_F48_s06_w1.TIF",87,48,1
"2274","P21_C87_F48_s06_w2.TIF",87,48,2
"2275","P21_C87_F48_s07_w1.TIF",87,48,1
"2276","P21_C87_F48_s07_w2.TIF",87,48,2
"2277","P21_C87_F48_s08_w1.TIF",87,48,1
"2278","P21_C87_F48_s08_w2.TIF",87,48,2
"2279","P21_C87_F48_s10_w1.TIF",87,48,1
"2280","P21_C87_F48_s11_w1.TIF",87,48,1
"2281","P21_C87_F48_s11_w2.TIF",87,48,2
"2282","P21_C87_F48_s12_w1.TIF",87,48,1
"2283","P21_C87_F48_s12_w2.TIF",87,48,2
"2284","P21_C87_F48_s13_w1.TIF",87,48,1
"2285","P21_C87_F48_s13_w2.TIF",87,48,2
"2286","P21_C87_F48_s14_w1.TIF",87,48,1
"2287","P21_C87_F48_s14_w2.TIF",87,48,2
"2288","P21_C87_F48_s15_w1.TIF",87,48,1
"2289","P21_C87_F48_s15_w2.TIF",87,48,2
"2290","P21_C87_F48_s16_w1.TIF",87,48,1
"2291","P21_C87_F48_s16_w2.TIF",87,48,2
"2292","P21_C87_F48_s17_w1.TIF",87,48,1
"2293","P21_C87_F48_s17_w2.TIF",87,48,2
"2294","P21_C87_F48_s18_w1.TIF",87,48,1
"2295","P21_C87_F48_s18_w2.TIF",87,48,2
"2296","P21_C87_F48_s20_w1.TIF",87,48,1
"2297","P21_C87_F48_s21_w2.TIF",87,48,2
"2298","P21_C87_F48_s22_w1.TIF",87,48,1
"2299","P21_C87_F48_s23_w2.TIF",87,48,2
"2300","P21_C87_F48_s24_w1.TIF",87,48,1
"2301","P21_C87_F48_s25_w1.TIF",87,48,1
"2302","P22_C91_F48_s02_w1.TIF",91,48,1
"2303","P22_C91_F48_s02_w2.TIF",91,48,2
"2304","P22_C91_F48_s03_w2.TIF",91,48,2
"2305","P22_C91_F48_s04_w2.TIF",91,48,2
"2306","P22_C91_F48_s05_w2.TIF",91,48,2
"2307","P22_C91_F48_s06_w1.TIF",91,48,1
"2308","P22_C91_F48_s06_w2.TIF",91,48,2
"2309","P22_C91_F48_s07_w1.TIF",91,48,1
"2310","P22_C91_F48_s09_w2.TIF",91,48,2
"2311","P22_C91_F48_s10_w2.TIF",91,48,2
"2312","P22_C91_F48_s11_w2.TIF",91,48,2
"2313","P22_C91_F48_s12_w2.TIF",91,48,2
"2314","P22_C91_F48_s13_w1.TIF",91,48,1
"2315","P22_C91_F48_s13_w2.TIF",91,48,2
"2316","P22_C91_F48_s14_w2.TIF",91,48,2
"2317","P22_C91_F48_s15_w1.TIF",91,48,1
"2318","P22_C91_F48_s16_w1.TIF",91,48,1
"2319","P22_C91_F48_s16_w2.TIF",91,48,2
"2320","P22_C91_F48_s17_w1.TIF",91,48,1
"2321","P22_C91_F48_s17_w2.TIF",91,48,2
"2322","P22_C91_F48_s18_w2.TIF",91,48,2
"2323","P22_C91_F48_s19_w1.TIF",91,48,1
"2324","P22_C91_F48_s19_w2.TIF",91,48,2
"2325","P22_C91_F48_s22_w1.TIF",91,48,1
"2326","P22_C91_F48_s22_w2.TIF",91,48,2
"2327","P22_C91_F48_s23_w1.TIF",91,48,1
"2328","P22_C91_F48_s23_w2.TIF",91,48,2
"2329","P22_C91_F48_s24_w2.TIF",91,48,2
"2330","P23_C96_F48_s01_w1.TIF",96,48,1
"2331","P23_C96_F48_s01_w2.TIF",96,48,2
"2332","P23_C96_F48_s02_w1.TIF",96,48,1
"2333","P23_C96_F48_s03_w1.TIF",96,48,1
"2334","P23_C96_F48_s04_w1.TIF",96,48,1
"2335","P23_C96_F48_s05_w1.TIF",96,48,1
"2336","P23_C96_F48_s05_w2.TIF",96,48,2
"2337","P23_C96_F48_s06_w1.TIF",96,48,1
"2338","P23_C96_F48_s06_w2.TIF",96,48,2
"2339","P23_C96_F48_s07_w1.TIF",96,48,1
"2340","P23_C96_F48_s07_w2.TIF",96,48,2
"2341","P23_C96_F48_s08_w1.TIF",96,48,1
"2342","P23_C96_F48_s09_w1.TIF",96,48,1
"2343","P23_C96_F48_s09_w2.TIF",96,48,2
"2344","P23_C96_F48_s10_w2.TIF",96,48,2
"2345","P23_C96_F48_s11_w1.TIF",96,48,1
"2346","P23_C96_F48_s11_w2.TIF",96,48,2
"2347","P23_C96_F48_s12_w2.TIF",96,48,2
"2348","P23_C96_F48_s13_w1.TIF",96,48,1
"2349","P23_C96_F48_s13_w2.TIF",96,48,2
"2350","P23_C96_F48_s14_w2.TIF",96,48,2
"2351","P23_C96_F48_s15_w1.TIF",96,48,1
"2352","P23_C96_F48_s15_w2.TIF",96,48,2
"2353","P23_C96_F48_s16_w2.TIF",96,48,2
"2354","P23_C96_F48_s18_w1.TIF",96,48,1
"2355","P23_C96_F48_s19_w2.TIF",96,48,2
"2356","P23_C96_F48_s20_w1.TIF",96,48,1
"2357","P23_C96_F48_s20_w2.TIF",96,48,2
"2358","P23_C96_F48_s21_w1.TIF",96,48,1
"2359","P23_C96_F48_s21_w2.TIF",96,48,2
"2360","P23_C96_F48_s22_w1.TIF",96,48,1
"2361","P23_C96_F48_s22_w2.TIF",96,48,2
"2362","P23_C96_F48_s24_w1.TIF",96,48,1
"2363","P23_C96_F48_s24_w2.TIF",96,48,2
"2364","P23_C96_F48_s25_w1.TIF",96,48,1
"2365","P23_C96_F48_s25_w2.TIF",96,48,2
"2366","P24_C100_F48_s01_w1.TIF",100,48,1
"2367","P24_C100_F48_s01_w2.TIF",100,48,2
"2368","P24_C100_F48_s02_w2.TIF",100,48,2
"2369","P24_C100_F48_s03_w1.TIF",100,48,1
"2370","P24_C100_F48_s03_w2.TIF",100,48,2
"2371","P24_C100_F48_s04_w1.TIF",100,48,1
"2372","P24_C100_F48_s04_w2.TIF",100,48,2
"2373","P24_C100_F48_s05_w2.TIF",100,48,2
"2374","P24_C100_F48_s06_w1.TIF",100,48,1
"2375","P24_C100_F48_s07_w1.TIF",100,48,1
"2376","P24_C100_F48_s07_w2.TIF",100,48,2
"2377","P24_C100_F48_s09_w2.TIF",100,48,2
"2378","P24_C100_F48_s10_w1.TIF",100,48,1
"2379","P24_C100_F48_s10_w2.TIF",100,48,2
"2380","P24_C100_F48_s11_w1.TIF",100,48,1
"2381","P24_C100_F48_s11_w2.TIF",100,48,2
"2382","P24_C100_F48_s12_w1.TIF",100,48,1
"2383","P24_C100_F48_s12_w2.TIF",100,48,2
"2384","P24_C100_F48_s15_w1.TIF",100,48,1
"2385","P24_C100_F48_s15_w2.TIF",100,48,2
"2386","P24_C100_F48_s16_w1.TIF",100,48,1
"2387","P24_C100_F48_s16_w2.TIF",100,48,2
"2388","P24_C100_F48_s17_w1.TIF",100,48,1
"2389","P24_C100_F48_s18_w1.TIF",100,48,1
"2390","P24_C100_F48_s19_w1.TIF",100,48,1
"2391","P24_C100_F48_s19_w2.TIF",100,48,2
"2392","P24_C100_F48_s20_w1.TIF",100,48,1
"2393","P24_C100_F48_s20_w2.TIF",100,48,2
"2394","P24_C100_F48_s21_w1.TIF",100,48,1
"2395","P24_C100_F48_s21_w2.TIF",100,48,2
"2396","P24_C100_F48_s22_w1.TIF",100,48,1
"2397","P24_C100_F48_s23_w1.TIF",100,48,1
"2398","P24_C100_F48_s23_w2.TIF",100,48,2
"2399","P24_C100_F48_s24_w1.TIF",100,48,1
"2400","P24_C100_F48_s25_w2.TIF",100,48,2
